specimen.tag,species,study,microhabitat,sex,SVL,leg.length,live.mass,pr.mass,pr.leg.muscle.mass,jump.maxvel,jump.maxacc,swim.maxvel,swim.maxacc
USNM-435236,Acris crepitans,Moen et al. 2016,terrestrial,m,17.81,32.4,NA,0.451,0.074,NA,NA,NA,NA
USNM-435237,Acris crepitans,Moen et al. 2016,terrestrial,m,18.57,36.15,NA,0.495,0.088,NA,NA,NA,NA
USNM-435242,Acris crepitans,Moen et al. 2016,terrestrial,m,18.82,34.62,NA,0.502,0.086,NA,NA,NA,NA
USNM-435244,Acris crepitans,Moen et al. 2016,terrestrial,m,19.32,36.8,NA,0.556,0.102,NA,NA,NA,NA
USNM-435258,Acris crepitans,Moen et al. 2016,terrestrial,m,17.6,33.55,NA,0.431,0.07,NA,NA,NA,NA
USNM-526326,Acris gryllus,Moen et al. 2016,terrestrial,m,18.46,35.42,NA,0.521,0.078,NA,NA,NA,NA
USNM-526330,Acris gryllus,Moen et al. 2016,terrestrial,m,19.94,35.73,NA,0.699,0.1,NA,NA,NA,NA
USNM-526372,Acris gryllus,Moen et al. 2016,terrestrial,m,20.98,39.83,NA,0.805,0.098,NA,NA,NA,NA
USNM-526380,Acris gryllus,Moen et al. 2016,terrestrial,m,20.6,38.24,NA,0.704,0.09,NA,NA,NA,NA
USNM-526386,Acris gryllus,Moen et al. 2016,terrestrial,m,19.98,40.14,NA,0.76,0.098,NA,NA,NA,NA
USNM-222256,Adenomera andreae,Moen et al. 2016,terrestrial,m,20.43,34.56,NA,0.584,0.098,NA,NA,NA,NA
USNM-222257,Adenomera andreae,Moen et al. 2016,terrestrial,m,21.39,36.73,NA,0.63,0.096,NA,NA,NA,NA
USNM-222259,Adenomera andreae,Moen et al. 2016,terrestrial,m,21.35,35.74,NA,0.7,0.106,NA,NA,NA,NA
USNM-222260,Adenomera andreae,Moen et al. 2016,terrestrial,m,21.25,34.42,NA,0.537,0.082,NA,NA,NA,NA
USNM-222261,Adenomera andreae,Moen et al. 2016,terrestrial,m,22.16,36.46,NA,0.659,0.108,NA,NA,NA,NA
DSM-0131,Adenomera hylaedactyla,Moen et al. 2013,terrestrial,m,23.06,39.99,1.143333333,0.867,0.142,2.03544,91.396801,0.884211,29.323662
DSM-0177,Adenomera hylaedactyla,Moen et al. 2013,terrestrial,m,22.69,40.01,0.943333333,0.793,0.11,1.795,88.824933,0.656937,17.98642
DSM-0178,Adenomera hylaedactyla,Moen et al. 2013,terrestrial,f,25.77,43.64,1.636666667,1.479,0.224,2.19134,83.355672,0.753092,17.441757
DSM-0180,Adenomera hylaedactyla,Moen et al. 2013,terrestrial,f,25.51,42.61,1.476666667,1.305,0.238,2.362948,103.925295,0.799119,20.511204
DSM-0186,Adenomera hylaedactyla,Moen et al. 2013,terrestrial,m,25.38,43.58,1.566666667,1.349,0.204,2.13088,82.9016,1.111737,29.003851
CAS-202032,Afrixalus laevis,Moen et al. 2016,arboreal,m,20.81,33.54,NA,0.622,0.048,NA,NA,NA,NA
CAS-202033,Afrixalus laevis,Moen et al. 2016,arboreal,m,21.17,34.32,NA,0.571,0.04,NA,NA,NA,NA
CAS-202035,Afrixalus laevis,Moen et al. 2016,arboreal,m,21.93,35.43,NA,0.61,0.042,NA,NA,NA,NA
CAS-202106,Afrixalus laevis,Moen et al. 2016,arboreal,m,20.03,34.32,NA,0.501,0.038,NA,NA,NA,NA
CAS-202108,Afrixalus laevis,Moen et al. 2016,arboreal,m,20.48,34.06,NA,0.517,0.038,NA,NA,NA,NA
MCZ-A119870,Aglyptodactylus madagascariensis,Moen et al. 2016,terrestrial,m,38.69,81.44,NA,4.46,0.824,NA,NA,NA,NA
MCZ-A119872,Aglyptodactylus madagascariensis,Moen et al. 2016,terrestrial,m,38.51,74.5,NA,4.023,0.704,NA,NA,NA,NA
MCZ-A119888,Aglyptodactylus madagascariensis,Moen et al. 2016,terrestrial,m,39.46,81.06,NA,5.216,1.016,NA,NA,NA,NA
MCZ-A119892,Aglyptodactylus madagascariensis,Moen et al. 2016,terrestrial,m,39.1,74.64,NA,3.769,0.696,NA,NA,NA,NA
MCZ-A119895,Aglyptodactylus madagascariensis,Moen et al. 2016,terrestrial,m,35.66,75.84,NA,3.78,0.676,NA,NA,NA,NA
DSM-0113,Allobates femoralis,Moen et al. 2013,terrestrial,m,26.96,41.64,1.76,1.637,0.244,2.263977,114.541696,0.90641,22.740502
USNM-247114,Ameerega picta,Moen et al. 2016,terrestrial,m,19.96,33.48,NA,0.407,0.05,NA,NA,NA,NA
USNM-268838,Ameerega picta,Moen et al. 2016,terrestrial,m,19.08,31.11,NA,0.408,0.052,NA,NA,NA,NA
USNM-268839,Ameerega picta,Moen et al. 2016,terrestrial,m,17.52,30.48,NA,0.312,0.032,NA,NA,NA,NA
USNM-268840,Ameerega picta,Moen et al. 2016,terrestrial,m,19.01,33.77,NA,0.496,0.044,NA,NA,NA,NA
USNM-342507,Ameerega picta,Moen et al. 2016,terrestrial,m,19.6,33.22,NA,0.389,0.042,NA,NA,NA,NA
DSM-0128,Ameerega trivittata,Moen et al. 2013,terrestrial,f,41.87,71.27,6.44,5.88,0.852,1.82497,42.735351,1.171412,24.65069
DSM-0129,Ameerega trivittata,Moen et al. 2013,terrestrial,m,36.07,62.82,4.276666667,3.238,0.526,2.409182,76.464153,0.860523,17.870201
CAS-177181,Amietia angolensis,Moen et al. 2016,semi-aquatic,m,47.35,95.71,NA,10.92,2.466,NA,NA,NA,NA
CAS-177182,Amietia angolensis,Moen et al. 2016,semi-aquatic,m,46.31,93.92,NA,8.711,1.94,NA,NA,NA,NA
CAS-177191,Amietia angolensis,Moen et al. 2016,semi-aquatic,m,46.86,99.87,NA,9.87,2.23,NA,NA,NA,NA
CAS-202040,Amietia angolensis,Moen et al. 2016,semi-aquatic,m,45.88,101.73,NA,8.109,1.768,NA,NA,NA,NA
CAS-177137,Amnirana albolabris,Moen et al. 2016,semi-aquatic,m,55.71,101.93,NA,13.1,1.62,NA,NA,NA,NA
CAS-177138,Amnirana albolabris,Moen et al. 2016,semi-aquatic,m,52.48,93.68,NA,8.256,1.294,NA,NA,NA,NA
CAS-177139,Amnirana albolabris,Moen et al. 2016,semi-aquatic,m,56.95,104.46,NA,14.758,2.02,NA,NA,NA,NA
CAS-202204,Amnirana albolabris,Moen et al. 2016,semi-aquatic,m,52.74,100.29,NA,8.347,1.188,NA,NA,NA,NA
KIZ-04113,Amolops tuberodepressus,Moen et al. 2013,torrential,f,64.89,118.65,22.02,17,2.8,2.727836,36.007325,NA,NA
KIZ-04155,Amolops tuberodepressus,Moen et al. 2013,torrential,m,43.77,91.84,8.02,5.81,1,2.468097,53.572317,1.607268,53.210699
KIZ-04158,Amolops tuberodepressus,Moen et al. 2013,torrential,m,48.33,97.8,10.09,7.63,1.7,2.437712,65.861571,1.556465,37.017437
KIZ-04178,Amolops tuberodepressus,Moen et al. 2013,torrential,m,44.84,86.26,6.68,4.86,0.74,1.884097,70.502101,1.597074,33.133681
KIZ-04202,Amolops tuberodepressus,Moen et al. 2013,torrential,m,47.94,93.19,7.79,6.16,1,2.095593,51.434677,1.208581,22.101829
USNM-528746,Anaxyrus americanus,Moen et al. 2016,terrestrial,m,62,84.39,NA,19.562,1.858,NA,NA,NA,NA
USNM-528748,Anaxyrus americanus,Moen et al. 2016,terrestrial,m,59.74,82.93,NA,21.347,1.722,NA,NA,NA,NA
USNM-528750,Anaxyrus americanus,Moen et al. 2016,terrestrial,m,58.48,76.83,NA,18.108,1.526,NA,NA,NA,NA
USNM-528752,Anaxyrus americanus,Moen et al. 2016,terrestrial,m,57.45,76.98,NA,17.375,1.416,NA,NA,NA,NA
USNM-528756,Anaxyrus americanus,Moen et al. 2016,terrestrial,m,58.1,83.02,NA,19.574,1.436,NA,NA,NA,NA
USNM-528968,Anaxyrus fowleri,Moen et al. 2016,burrowing,m,49.97,74.31,NA,13.059,1.024,NA,NA,NA,NA
USNM-528969,Anaxyrus fowleri,Moen et al. 2016,burrowing,m,47.53,72.15,NA,10.836,1.004,NA,NA,NA,NA
USNM-528970,Anaxyrus fowleri,Moen et al. 2016,burrowing,m,52.07,78.58,NA,14.367,1.084,NA,NA,NA,NA
USNM-528971,Anaxyrus fowleri,Moen et al. 2016,burrowing,m,49.18,73.88,NA,12.205,0.848,NA,NA,NA,NA
USNM-528972,Anaxyrus fowleri,Moen et al. 2016,burrowing,m,52.61,80.23,NA,16.953,1.23,NA,NA,NA,NA
FMNH-138821,Ansonia leptopus,Moen et al. 2016,terrestrial,m,34.5,56.25,NA,1.801,0.252,NA,NA,NA,NA
FMNH-138833,Ansonia leptopus,Moen et al. 2016,terrestrial,m,33.36,52.22,NA,1.52,0.144,NA,NA,NA,NA
FMNH-194730,Ansonia leptopus,Moen et al. 2016,terrestrial,m,31.5,54.34,NA,1.805,0.194,NA,NA,NA,NA
FMNH-194748,Ansonia leptopus,Moen et al. 2016,terrestrial,m,30.58,49.31,NA,1.502,0.164,NA,NA,NA,NA
FMNH-195108,Ansonia leptopus,Moen et al. 2016,terrestrial,m,33.24,54.09,NA,1.63,0.162,NA,NA,NA,NA
USNM-208735,Aplastodiscus arildae,Moen et al. 2016,arboreal,m,38.61,65.26,NA,2.579,0.216,NA,NA,NA,NA
USNM-247814,Aplastodiscus arildae,Moen et al. 2016,arboreal,m,40.53,64.23,NA,2.437,0.202,NA,NA,NA,NA
USNM-247815,Aplastodiscus arildae,Moen et al. 2016,arboreal,m,39.73,66.24,NA,2.353,0.234,NA,NA,NA,NA
USNM-303021,Aplastodiscus arildae,Moen et al. 2016,arboreal,m,38.53,64.09,NA,2.639,0.22,NA,NA,NA,NA
CAS-201717,Arthroleptis schubotzi,Moen et al. 2016,terrestrial,m,18.57,31.14,NA,0.522,0.04,NA,NA,NA,NA
CAS-201719,Arthroleptis schubotzi,Moen et al. 2016,terrestrial,m,17.25,31.44,NA,0.435,0.026,NA,NA,NA,NA
CAS-201737,Arthroleptis schubotzi,Moen et al. 2016,terrestrial,m,19.27,31.15,NA,0.555,0.036,NA,NA,NA,NA
CAS-201738,Arthroleptis schubotzi,Moen et al. 2016,terrestrial,m,18,30.61,NA,0.53,0.036,NA,NA,NA,NA
CAS-201739,Arthroleptis schubotzi,Moen et al. 2016,terrestrial,m,20.02,33.28,NA,0.669,0.044,NA,NA,NA,NA
KIZ-04140,Babina pleuraden,Moen et al. 2013,semi-aquatic,f,48.16,81.09,10.45,7.74,1.24,2.602271,77.686683,1.128912,36.156594
KIZ-04144,Babina pleuraden,Moen et al. 2013,semi-aquatic,f,38.79,72.75,5.49,3.73,0.64,2.584254,87.784964,1.415544,39.004773
KIZ-04159,Babina pleuraden,Moen et al. 2013,semi-aquatic,f,43.2,79.65,6.53,4.71,0.9,2.649344,79.220057,1.373373,42.530982
KIZ-04167,Babina pleuraden,Moen et al. 2013,semi-aquatic,m,48.38,82,11.49,10.13,1.82,2.846551,82.745238,1.839938,62.886717
KIZ-04182,Babina pleuraden,Moen et al. 2013,semi-aquatic,m,44.87,77.94,7.92,6.5,1.02,2.530993,62.313394,1.476466,30.197478
KIZ-04183,Babina pleuraden,Moen et al. 2013,semi-aquatic,f,47.9,80.37,9.46,8.36,1.46,2.71176,69.037277,1.100856,24.566561
MCZ-A136667,Blommersia blommersae,Moen et al. 2016,arboreal,m,17.76,34.15,NA,0.347,0.048,NA,NA,NA,NA
MCZ-A136670,Blommersia blommersae,Moen et al. 2016,arboreal,m,17.9,30.24,NA,0.289,0.044,NA,NA,NA,NA
USNM-208745,Bokermannohyla circumdata,Moen et al. 2016,arboreal,m,58.41,103.59,NA,16.46,1.484,NA,NA,NA,NA
USNM-208752,Bokermannohyla circumdata,Moen et al. 2016,arboreal,m,62.14,112.02,NA,21.549,2.008,NA,NA,NA,NA
USNM-208755,Bokermannohyla circumdata,Moen et al. 2016,arboreal,m,64.83,119.03,NA,20.053,2.018,NA,NA,NA,NA
USNM-208756,Bokermannohyla circumdata,Moen et al. 2016,arboreal,m,59.22,109.59,NA,14.88,1.266,NA,NA,NA,NA
USNM-208783,Bokermannohyla circumdata,Moen et al. 2016,arboreal,m,58.82,107.25,NA,14.809,1.342,NA,NA,NA,NA
USNM-129107,Bokermannohyla hylax,Moen et al. 2016,arboreal,m,56.42,97.96,NA,9.952,1.26,NA,NA,NA,NA
USNM-208777,Bokermannohyla hylax,Moen et al. 2016,arboreal,m,40.68,74.46,NA,4.698,0.326,NA,NA,NA,NA
USNM-208780,Bokermannohyla hylax,Moen et al. 2016,arboreal,m,35.71,63.02,NA,2.649,0.204,NA,NA,NA,NA
USNM-247811,Bokermannohyla hylax,Moen et al. 2016,arboreal,m,55.89,96.6,NA,10.536,1.082,NA,NA,NA,NA
USNM-247812,Bokermannohyla hylax,Moen et al. 2016,arboreal,m,58.97,99.94,NA,13.043,1.012,NA,NA,NA,NA
MCZ-A119958,Boophis madagascariensis,Moen et al. 2016,arboreal,m,51.12,91.66,NA,6.209,0.74,NA,NA,NA,NA
MCZ-A119965,Boophis madagascariensis,Moen et al. 2016,arboreal,m,51.23,95.52,NA,7.569,0.864,NA,NA,NA,NA
MCZ-A120143,Boophis madagascariensis,Moen et al. 2016,arboreal,m,52.6,96.95,NA,5.792,0.746,NA,NA,NA,NA
MCZ-A120340,Boophis miniatus,Moen et al. 2016,arboreal,m,29.08,50.92,NA,1.35,0.124,NA,NA,NA,NA
MCZ-A120547,Boophis miniatus,Moen et al. 2016,arboreal,m,29.28,50.35,NA,1.019,0.094,NA,NA,NA,NA
MCZ-A120576,Boophis miniatus,Moen et al. 2016,arboreal,m,28.67,48.22,NA,1.07,0.09,NA,NA,NA,NA
MCZ-A120660,Boophis miniatus,Moen et al. 2016,arboreal,m,29.54,50.99,NA,1.21,0.094,NA,NA,NA,NA
MCZ-A120664,Boophis miniatus,Moen et al. 2016,arboreal,m,28.7,51.25,NA,1.357,0.102,NA,NA,NA,NA
MCZ-A120389,Boophis reticulatus,Moen et al. 2016,arboreal,m,29.74,55.77,NA,1.074,0.106,NA,NA,NA,NA
MCZ-A120391,Boophis reticulatus,Moen et al. 2016,arboreal,m,31.05,59.34,NA,1.541,0.144,NA,NA,NA,NA
MCZ-A120623,Boophis reticulatus,Moen et al. 2016,arboreal,m,32.5,59.58,NA,1.914,0.166,NA,NA,NA,NA
CAS-200128,Breviceps adspersus,Moen et al. 2016,burrowing,m,33.41,37.96,NA,4.565,0.304,NA,NA,NA,NA
CAS-200129,Breviceps adspersus,Moen et al. 2016,burrowing,m,38.87,44.76,NA,7.13,0.472,NA,NA,NA,NA
CAS-200131,Breviceps adspersus,Moen et al. 2016,burrowing,m,38.44,37.75,NA,6.008,0.362,NA,NA,NA,NA
CM-54215,Bufo spinosus,Moen et al. 2016,terrestrial,m,58.68,82.81,NA,15.929,1.104,NA,NA,NA,NA
CM-54705,Bufo spinosus,Moen et al. 2016,terrestrial,m,79.52,120.35,NA,43.018,4.054,NA,NA,NA,NA
CM-54705B,Bufo spinosus,Moen et al. 2016,terrestrial,m,70.95,102.08,NA,30.327,2.964,NA,NA,NA,NA
CM-55750,Bufo spinosus,Moen et al. 2016,terrestrial,m,62.76,90.71,NA,23.446,1.532,NA,NA,NA,NA
USNM-222264,Ceratophrys cornuta,Moen et al. 2016,terrestrial,m,73.24,100.3,NA,46.03,2.3,NA,NA,NA,NA
USNM-342848,Ceratophrys cornuta,Moen et al. 2016,terrestrial,m,69.6,92.39,NA,44.337,1.964,NA,NA,NA,NA
USNM-343238,Ceratophrys cornuta,Moen et al. 2016,terrestrial,m,67.78,103.58,NA,50.896,2.688,NA,NA,NA,NA
DSM-0109,Chiasmocleis bassleri,Moen et al. 2013,terrestrial,m,16.59,27.55,0.485,0.372,0.056,1.908152,82.975507,0.707686,36.543299
DSM-0110,Chiasmocleis bassleri,Moen et al. 2013,terrestrial,m,17.03,30.26,0.51,0.402,0.07,2.100496,90.676435,0.857984,42.153906
DSM-0111,Chiasmocleis bassleri,Moen et al. 2013,terrestrial,f,26.05,40.29,1.563333333,1.296,0.152,1.919044,69.513499,0.596511,16.703194
DSM-0112,Chiasmocleis bassleri,Moen et al. 2013,terrestrial,f,20.94,32.57,1.04,0.91,0.11,1.901763,73.95728,0.643515,21.521066
DSM-0130,Chiasmocleis bassleri,Moen et al. 2013,terrestrial,f,21.55,33.25,1.0767,0.722,0.086,2.036594,86.763862,0.689168,16.998872
KIZ-04136,Chiromantis doriae,Moen et al. 2013,arboreal,m,26.55,44.28,1.12,0.62,0.02,1.927098,54.380259,0.945221,26.18679
KIZ-04146,Chiromantis doriae,Moen et al. 2013,arboreal,f,29.2,50.28,1.82,1.12,0.14,2.168964,54.134281,0.926512,28.704832
KIZ-04148,Chiromantis doriae,Moen et al. 2013,arboreal,m,25.92,40.21,0.93,0.49,0.04,2.358838,87.674665,0.951097,31.2044
KIZ-04171,Chiromantis doriae,Moen et al. 2013,arboreal,m,26.27,43.44,1.08,0.76,0.09,2.152698,72.894338,1.191793,49.915228
KU-186150,Craugastor brocchi,Moen et al. 2016,terrestrial,m,30.83,66.35,NA,2.109,0.322,NA,NA,NA,NA
KU-186156,Craugastor brocchi,Moen et al. 2016,terrestrial,m,37.33,80.02,NA,3.82,0.658,NA,NA,NA,NA
KU-189621,Craugastor brocchi,Moen et al. 2016,terrestrial,m,29.55,63.49,NA,2.167,0.346,NA,NA,NA,NA
KU-189634,Craugastor brocchi,Moen et al. 2016,terrestrial,m,32.73,68.95,NA,3.205,0.518,NA,NA,NA,NA
KU-189640,Craugastor brocchi,Moen et al. 2016,terrestrial,m,42.52,82.7,NA,6.517,1.188,NA,NA,NA,NA
KU-186165,Craugastor lineatus,Moen et al. 2016,terrestrial,m,32.51,63.13,NA,2.491,0.354,NA,NA,NA,NA
KU-186172,Craugastor lineatus,Moen et al. 2016,terrestrial,m,30.73,58.87,NA,2.299,0.314,NA,NA,NA,NA
KU-186181,Craugastor lineatus,Moen et al. 2016,terrestrial,m,38.63,76.05,NA,4.142,0.556,NA,NA,NA,NA
KU-186184,Craugastor lineatus,Moen et al. 2016,terrestrial,m,30.68,59.98,NA,2.155,0.242,NA,NA,NA,NA
KU-189670,Craugastor lineatus,Moen et al. 2016,terrestrial,m,30.32,55.78,NA,1.909,0.28,NA,NA,NA,NA
USNM-318198,Crossodactylus dispar,Moen et al. 2016,terrestrial,m,29.78,47.96,NA,2.393,0.29,NA,NA,NA,NA
USNM-318199,Crossodactylus dispar,Moen et al. 2016,terrestrial,m,25.27,41.18,NA,1.711,0.156,NA,NA,NA,NA
USNM-318200,Crossodactylus dispar,Moen et al. 2016,terrestrial,m,28.72,45.8,NA,2.459,0.198,NA,NA,NA,NA
USNM-318201,Crossodactylus dispar,Moen et al. 2016,terrestrial,m,25.39,41.52,NA,1.255,0.176,NA,NA,NA,NA
USNM-318227,Crossodactylus dispar,Moen et al. 2016,terrestrial,m,25.32,41.22,NA,1.147,0.144,NA,NA,NA,NA
DSM-0207,Cyclorana australis,Moen et al. 2013,burrowing,m,66.37,107.69,29.093,23.858,3.048,2.950124,55.526919,0.955033,30.707492
DSM-0208,Cyclorana australis,Moen et al. 2013,burrowing,m,62.8,103.69,27.94333333,24.227,3.416,2.522119,49.318332,0.930636,23.891898
DSM-0209,Cyclorana australis,Moen et al. 2013,burrowing,m,68.66,111.97,31.97666667,28.11,3.962,2.627885,49.643519,1.32355,27.687947
DSM-0210,Cyclorana australis,Moen et al. 2013,burrowing,f,71.61,121.53,37.94333333,30.976,5.056,2.712547,54.530369,1.24914,17.72728
DSM-0237,Cyclorana australis,Moen et al. 2013,burrowing,m,67.59,108.64,29.51,21.927,3.112,2.353957,41.081961,1.008773,22.0115
DSM-0292,Cyclorana australis,Moen et al. 2013,burrowing,m,73.73,114.31,45.935,38.899,5.886,2.793473,51.063709,1.281637,29.11596
DSM-0238,Cyclorana longipes,Moen et al. 2013,burrowing,m,38.19,55.07,5.173333333,3.942,0.324,1.952767,53.877824,0.629358,11.388562
DSM-0239,Cyclorana longipes,Moen et al. 2013,burrowing,f,46.62,66.2,10.54666667,8.913,0.722,2.169356,43.429322,0.665697,10.823577
DSM-0256,Cyclorana longipes,Moen et al. 2013,burrowing,f,44.61,64.73,8.54,7.501,0.616,2.13422,70.542217,1.041103,31.24851
DSM-0279,Cyclorana longipes,Moen et al. 2013,burrowing,m,38.06,54.4,5.476666667,4.221,0.346,1.900152,56.271911,0.699621,21.395623
DSM-0280,Cyclorana longipes,Moen et al. 2013,burrowing,m,40.74,59.19,5.35,4.45,0.372,1.831874,47.87746,0.723935,21.496231
DSM-0281,Cyclorana longipes,Moen et al. 2013,burrowing,f,41.77,63.1,6.253333333,4.422,0.512,2.447364,70.383581,0.749348,14.216019
USNM-243572,Dendropsophus microps,Moen et al. 2016,arboreal,m,21.1,32.4,NA,0.359,0.032,NA,NA,NA,NA
USNM-243573,Dendropsophus microps,Moen et al. 2016,arboreal,m,20.75,34.81,NA,0.448,0.03,NA,NA,NA,NA
USNM-243574,Dendropsophus microps,Moen et al. 2016,arboreal,m,21.41,35.75,NA,0.431,0.024,NA,NA,NA,NA
USNM-243575,Dendropsophus microps,Moen et al. 2016,arboreal,m,22.1,35.22,NA,0.574,0.04,NA,NA,NA,NA
USNM-247826,Dendropsophus microps,Moen et al. 2016,arboreal,m,21.55,34.36,NA,0.48,0.028,NA,NA,NA,NA
USNM-208841,Dendropsophus minutus,Moen et al. 2016,arboreal,m,21.49,36.53,NA,0.407,0.038,NA,NA,NA,NA
USNM-208842,Dendropsophus minutus,Moen et al. 2016,arboreal,m,21.39,37.83,NA,0.636,0.054,NA,NA,NA,NA
USNM-208847,Dendropsophus minutus,Moen et al. 2016,arboreal,m,19.23,33.72,NA,0.482,0.034,NA,NA,NA,NA
USNM-303042,Dendropsophus minutus,Moen et al. 2016,arboreal,m,19.77,34.71,NA,0.364,0.03,NA,NA,NA,NA
USNM-303043,Dendropsophus minutus,Moen et al. 2016,arboreal,m,20.53,36.71,NA,0.485,0.04,NA,NA,NA,NA
USNM-247171,Dendropsophus parviceps,Moen et al. 2016,arboreal,m,19.49,33.88,NA,0.422,0.046,NA,NA,NA,NA
USNM-247173,Dendropsophus parviceps,Moen et al. 2016,arboreal,m,19.55,35.8,NA,0.395,0.034,NA,NA,NA,NA
USNM-247174,Dendropsophus parviceps,Moen et al. 2016,arboreal,m,17.45,29.71,NA,0.288,0.03,NA,NA,NA,NA
USNM-247180,Dendropsophus parviceps,Moen et al. 2016,arboreal,m,19.47,33.41,NA,0.392,0.036,NA,NA,NA,NA
USNM-247599,Dendropsophus parviceps,Moen et al. 2016,arboreal,m,20.04,33.84,NA,0.502,0.048,NA,NA,NA,NA
DSM-0045,Dendropsophus rhodopeplus,Moen et al. 2013,arboreal,m,21.82,38.34,0.7533,0.556,0.07,2.541686,98.054238,1.215778,41.729654
USNM-342946,Dendropsophus rhodopeplus,Moen et al. 2016,arboreal,m,19.65,35.75,NA,0.365,0.038,NA,NA,NA,NA
USNM-342947,Dendropsophus rhodopeplus,Moen et al. 2016,arboreal,m,21.35,35.51,NA,0.491,0.052,NA,NA,NA,NA
USNM-342948,Dendropsophus rhodopeplus,Moen et al. 2016,arboreal,m,21.74,38.76,NA,0.493,0.062,NA,NA,NA,NA
USNM-342949,Dendropsophus rhodopeplus,Moen et al. 2016,arboreal,m,21.18,38.59,NA,0.376,0.036,NA,NA,NA,NA
USNM-345247,Dendropsophus rhodopeplus,Moen et al. 2016,arboreal,m,21.68,37.96,NA,0.681,0.062,NA,NA,NA,NA
DSM-0046,Dendropsophus sarayacuensis,Moen et al. 2013,arboreal,m,25.1,48.4,1.13,0.977,0.116,3.094075,119.514226,1.036213,29.755719
DSM-0132,Dendropsophus sarayacuensis,Moen et al. 2013,arboreal,m,24.86,45.29,1.033333333,0.912,0.12,2.297353,90.74532,1.276426,33.525217
DSM-0134,Dendropsophus sarayacuensis,Moen et al. 2013,arboreal,m,25.53,45.72,1.006666667,0.888,0.112,3.343124,163.836076,1.131578,49.413946
DSM-0135,Dendropsophus sarayacuensis,Moen et al. 2013,arboreal,m,24.46,42.22,0.896666667,0.77,0.094,2.630539,109.899497,1.208382,39.473392
DSM-0137,Dendropsophus sarayacuensis,Moen et al. 2013,arboreal,m,25.86,48.8,0.976666667,0.78,0.096,2.925462,118.993287,1.327088,41.294795
DSM-0138,Dendropsophus sarayacuensis,Moen et al. 2013,arboreal,m,27.08,47.56,1.293333333,1.128,0.132,3.198747,123.168126,1.456751,42.174184
DSM-0140,Dendropsophus sarayacuensis,Moen et al. 2013,arboreal,m,27.91,50.58,1.11,1.05,0.14,3.212096,142.809619,1.302338,39.630722
USNM-342955,Dendropsophus sarayacuensis,Moen et al. 2016,arboreal,m,29.56,55.24,NA,1.433,0.148,NA,NA,NA,NA
USNM-342956,Dendropsophus sarayacuensis,Moen et al. 2016,arboreal,m,28.69,50.91,NA,1.272,0.114,NA,NA,NA,NA
USNM-342957,Dendropsophus sarayacuensis,Moen et al. 2016,arboreal,m,30.82,53.9,NA,1.671,0.118,NA,NA,NA,NA
USNM-342958,Dendropsophus sarayacuensis,Moen et al. 2016,arboreal,m,29.79,54.43,NA,1.302,0.12,NA,NA,NA,NA
USNM-343214,Dendropsophus sarayacuensis,Moen et al. 2016,arboreal,m,29.55,52.46,NA,1.235,0.148,NA,NA,NA,NA
DSM-0055,Dendropsophus triangulum,Moen et al. 2013,arboreal,m,22.5,39.09,0.796666667,0.673,0.076,2.242495,101.512523,1.16739,26.166387
DSM-0056,Dendropsophus triangulum,Moen et al. 2013,arboreal,m,22.58,41.52,0.84,0.716,0.064,2.895805,113.144433,1.040658,14.676666
DSM-0059,Dendropsophus triangulum,Moen et al. 2013,arboreal,m,23.42,38.15,0.823333333,0.687,0.07,2.805824,109.050257,1.116185,29.86675
DSM-0060,Dendropsophus triangulum,Moen et al. 2013,arboreal,m,23.13,40.62,0.896666667,0.841,0.082,2.730205,99.026948,1.219747,23.562317
DSM-0062,Dendropsophus triangulum,Moen et al. 2013,arboreal,m,24.98,44.4,1.22,1.052,0.114,2.718044,101.425979,1.334991,28.879478
DSM-0063,Dendropsophus triangulum,Moen et al. 2013,arboreal,m,19.91,35.91,0.63,0.539,0.06,2.406557,95.683978,0.956152,21.484489
DSM-0066,Dendropsophus triangulum,Moen et al. 2013,arboreal,m,22.9,41.08,0.98,0.792,0.08,2.601764,87.882969,1.002875,36.786763
CM-52477,Discoglossus jeanneae,Moen et al. 2016,semi-aquatic,m,40.2,66.98,NA,6.703,0.76,NA,NA,NA,NA
CM-52509,Discoglossus jeanneae,Moen et al. 2016,semi-aquatic,m,45.4,77.51,NA,10.4,1.338,NA,NA,NA,NA
CM-52513,Discoglossus jeanneae,Moen et al. 2016,semi-aquatic,m,52.18,90.12,NA,16.171,2.036,NA,NA,NA,NA
CM-52538,Discoglossus jeanneae,Moen et al. 2016,semi-aquatic,m,43.46,68.37,NA,5.728,0.74,NA,NA,NA,NA
CM-52553,Discoglossus jeanneae,Moen et al. 2016,semi-aquatic,m,47.39,78.1,NA,12.593,1.526,NA,NA,NA,NA
KIZ-04112,Duttaphrynus melanostictus,Moen et al. 2013,terrestrial,f,107.37,142.27,178.34,156.95,13.04,1.377791,21.3347,0.371803,5.196065
KIZ-04154,Duttaphrynus melanostictus,Moen et al. 2013,terrestrial,f,72.01,103.04,32.18,33.6,2.64,NA,NA,0.258469,5.415618
KIZ-04173,Duttaphrynus melanostictus,Moen et al. 2013,terrestrial,f,114.08,156.97,196.14,193.41,19.5,NA,NA,0.598335,6.588201
KIZ-04179,Duttaphrynus melanostictus,Moen et al. 2013,terrestrial,f,72.38,105.09,31.79,40.93,3.56,1.211508,31.532637,0.490455,16.167126
KIZ-04188,Duttaphrynus melanostictus,Moen et al. 2013,terrestrial,f,39.97,59.74,7.18,4.32,0.32,0.709735,9.213032,0.462032,5.881891
FMNH-218187,Duttaphrynus parietalis,Moen et al. 2016,terrestrial,m,58.22,82.65,NA,14.627,0.7514,NA,NA,NA,NA
FMNH-218188,Duttaphrynus parietalis,Moen et al. 2016,terrestrial,m,54.18,77.8,NA,14.8442,0.7868,NA,NA,NA,NA
FMNH-218189,Duttaphrynus parietalis,Moen et al. 2016,terrestrial,m,64.1,81.67,NA,18.048,1.0108,NA,NA,NA,NA
FMNH-218193,Duttaphrynus parietalis,Moen et al. 2016,terrestrial,m,59.29,75.95,NA,15.0364,0.8244,NA,NA,NA,NA
FMNH-218195,Duttaphrynus parietalis,Moen et al. 2016,terrestrial,m,52.15,68.82,NA,9.3317,0.4814,NA,NA,NA,NA
FMNH-218196,Duttaphrynus parietalis,Moen et al. 2016,terrestrial,m,58.71,72.36,NA,13.5086,0.7104,NA,NA,NA,NA
FMNH-218197,Duttaphrynus parietalis,Moen et al. 2016,terrestrial,m,60.26,81.74,NA,15.1675,0.8828,NA,NA,NA,NA
USNM-247434,Elachistocleis ovalis,Moen et al. 2016,terrestrial,m,28.5,39.08,NA,1.616,0.186,NA,NA,NA,NA
USNM-343271,Elachistocleis ovalis,Moen et al. 2016,terrestrial,m,32.18,44.06,NA,2.781,0.234,NA,NA,NA,NA
USNM-343272,Elachistocleis ovalis,Moen et al. 2016,terrestrial,m,31.58,42.74,NA,2.993,0.23,NA,NA,NA,NA
USNM-343273,Elachistocleis ovalis,Moen et al. 2016,terrestrial,m,32.22,44.12,NA,3.013,0.26,NA,NA,NA,NA
USNM-222307,Engystomops petersi,Moen et al. 2016,terrestrial,m,26.33,45.09,NA,1.63,0.174,NA,NA,NA,NA
USNM-247426,Engystomops petersi,Moen et al. 2016,terrestrial,m,23.73,36.28,NA,0.957,0.07,NA,NA,NA,NA
USNM-247659,Engystomops petersi,Moen et al. 2016,terrestrial,m,29.89,50.55,NA,2.076,0.186,NA,NA,NA,NA
USNM-343260,Engystomops petersi,Moen et al. 2016,terrestrial,m,29.08,45.07,NA,1.953,0.206,NA,NA,NA,NA
USNM-343265,Engystomops petersi,Moen et al. 2016,terrestrial,m,27.72,46.12,NA,1.655,0.186,NA,NA,NA,NA
CM-54316,Epidalea calamita,Moen et al. 2016,terrestrial,m,73.01,91.82,NA,40.254,2.786,NA,NA,NA,NA
CM-54316B,Epidalea calamita,Moen et al. 2016,terrestrial,m,71.2,86.5,NA,29.522,2.174,NA,NA,NA,NA
CM-54316D,Epidalea calamita,Moen et al. 2016,terrestrial,m,69.9,93.47,NA,36.03,2.518,NA,NA,NA,NA
CM-54316E,Epidalea calamita,Moen et al. 2016,terrestrial,m,63.78,77.4,NA,22.473,1.598,NA,NA,NA,NA
CM-54634C,Epidalea calamita,Moen et al. 2016,terrestrial,m,60.84,76.42,NA,21.252,1.556,NA,NA,NA,NA
FMNH-217986,Fejervarya keralensis,Moen et al. 2016,terrestrial,m,40.97,76.09,NA,6.013,0.8922,NA,NA,NA,NA
FMNH-217987,Fejervarya keralensis,Moen et al. 2016,terrestrial,m,41,73.29,NA,4.9267,0.7628,NA,NA,NA,NA
FMNH-217988,Fejervarya keralensis,Moen et al. 2016,terrestrial,m,41.77,76.5,NA,6.034,0.9014,NA,NA,NA,NA
FMNH-217990,Fejervarya keralensis,Moen et al. 2016,terrestrial,m,44.19,80.89,NA,6.823,1.2122,NA,NA,NA,NA
FMNH-217993,Fejervarya keralensis,Moen et al. 2016,terrestrial,m,43.8,78.67,NA,7.4268,1.3024,NA,NA,NA,NA
FMNH-217994,Fejervarya keralensis,Moen et al. 2016,terrestrial,m,40.58,81.74,NA,6.6818,0.9772,NA,NA,NA,NA
FMNH-218001,Fejervarya keralensis,Moen et al. 2016,terrestrial,m,38.8,70.05,NA,4.4928,0.6264,NA,NA,NA,NA
USNM-217714,Fritziana ohausi,Moen et al. 2016,arboreal,m,28.32,45.99,NA,1.365,0.106,NA,NA,NA,NA
USNM-217715,Fritziana ohausi,Moen et al. 2016,arboreal,m,26.34,44.15,NA,1.279,0.086,NA,NA,NA,NA
USNM-217716,Fritziana ohausi,Moen et al. 2016,arboreal,m,27.08,44.93,NA,0.927,0.08,NA,NA,NA,NA
USNM-217720,Fritziana ohausi,Moen et al. 2016,arboreal,m,28.58,45.41,NA,1.32,0.09,NA,NA,NA,NA
USNM-217721,Fritziana ohausi,Moen et al. 2016,arboreal,m,29.66,49.88,NA,1.241,0.116,NA,NA,NA,NA
USNM-529690,Gastrophryne carolinensis,Moen et al. 2016,burrowing,m,31.19,37.84,NA,2.362,0.2,NA,NA,NA,NA
USNM-529692,Gastrophryne carolinensis,Moen et al. 2016,burrowing,m,30.51,38.97,NA,1.894,0.166,NA,NA,NA,NA
USNM-529694,Gastrophryne carolinensis,Moen et al. 2016,burrowing,m,28.74,37.38,NA,1.837,0.196,NA,NA,NA,NA
USNM-529696,Gastrophryne carolinensis,Moen et al. 2016,burrowing,m,28.35,36.33,NA,1.598,0.146,NA,NA,NA,NA
USNM-529698,Gastrophryne carolinensis,Moen et al. 2016,burrowing,m,29.05,39.36,NA,1.85,0.15,NA,NA,NA,NA
MCZ-A120644,Gephyromantis asper,Moen et al. 2016,terrestrial,m,28.22,53.29,NA,1.823,0.256,NA,NA,NA,NA
MCZ-A120738,Gephyromantis asper,Moen et al. 2016,terrestrial,m,29.33,52.48,NA,1.141,0.204,NA,NA,NA,NA
MCZ-A119983,Gephyromantis luteus,Moen et al. 2016,terrestrial,m,40.49,79.5,NA,5.739,1.184,NA,NA,NA,NA
MCZ-A119995,Gephyromantis luteus,Moen et al. 2016,terrestrial,m,40,81.62,NA,5.64,1.174,NA,NA,NA,NA
MCZ-A119998,Gephyromantis luteus,Moen et al. 2016,terrestrial,m,40.42,83.73,NA,6.234,1.292,NA,NA,NA,NA
MCZ-A120000,Gephyromantis luteus,Moen et al. 2016,terrestrial,m,39.05,78.16,NA,4.09,0.728,NA,NA,NA,NA
MCZ-A120002,Gephyromantis luteus,Moen et al. 2016,terrestrial,m,41.24,83.72,NA,5.208,0.918,NA,NA,NA,NA
FMNH-136321,Glyphoglossus smithi,Moen et al. 2016,burrowing,f,38.76,69.7,NA,6.762,1.01,NA,NA,NA,NA
FMNH-244685,Glyphoglossus smithi,Moen et al. 2016,burrowing,m,33.41,60.51,NA,3.987,0.552,NA,NA,NA,NA
KIZ-04197,Glyphoglossus yunnanensis,Moen et al. 2013,burrowing,m,33.19,57.4,4.97,3.94,0.5,1.983269,71.165592,0.709191,28.997282
MCZ-A120584,Guibemantis depressiceps,Moen et al. 2016,arboreal,m,40.42,73.21,NA,2.344,0.318,NA,NA,NA,NA
MCZ-A120737,Guibemantis depressiceps,Moen et al. 2016,arboreal,m,40.47,70.87,NA,3.031,0.406,NA,NA,NA,NA
MCZ-A120040,Guibemantis liber,Moen et al. 2016,arboreal,m,26.56,47.05,NA,0.763,0.112,NA,NA,NA,NA
MCZ-A120044,Guibemantis liber,Moen et al. 2016,arboreal,m,23.7,42.61,NA,0.71,0.064,NA,NA,NA,NA
MCZ-A120052,Guibemantis liber,Moen et al. 2016,arboreal,m,24.45,45.9,NA,0.89,0.086,NA,NA,NA,NA
MCZ-A120059,Guibemantis liber,Moen et al. 2016,arboreal,m,25.93,43.95,NA,0.789,0.082,NA,NA,NA,NA
MCZ-A136287,Guibemantis liber,Moen et al. 2016,arboreal,m,26.26,43.2,NA,1.143,0.094,NA,NA,NA,NA
MCZ-A120763,Guibemantis pulcher,Moen et al. 2016,arboreal,m,25.19,42.85,NA,0.638,0.124,NA,NA,NA,NA
USNM-209124,Haddadus binotatus,Moen et al. 2016,terrestrial,m,40.3,80.24,NA,5.066,0.654,NA,NA,NA,NA
USNM-209127,Haddadus binotatus,Moen et al. 2016,terrestrial,m,44.9,87.12,NA,8.715,1.034,NA,NA,NA,NA
USNM-209132,Haddadus binotatus,Moen et al. 2016,terrestrial,m,40.08,78.05,NA,5.105,0.694,NA,NA,NA,NA
USNM-209133,Haddadus binotatus,Moen et al. 2016,terrestrial,m,41.14,79.91,NA,4.655,0.644,NA,NA,NA,NA
USNM-209137,Haddadus binotatus,Moen et al. 2016,terrestrial,m,42.28,81.54,NA,6.167,0.806,NA,NA,NA,NA
DSM-0188,Hamptophryne boliviana,Moen et al. 2013,terrestrial,m,24.36,43.15,1.61,1.22,0.204,2.039787,89.807305,1.028192,23.845277
DSM-0189,Hamptophryne boliviana,Moen et al. 2013,terrestrial,m,22.52,36.93,1.21,0.981,0.15,2.00774,89.755365,0.820629,16.826573
DSM-0190,Hamptophryne boliviana,Moen et al. 2013,terrestrial,m,21.23,37.87,NA,0.854,0.13,NA,NA,0.602387,20.428372
DSM-0191,Hamptophryne boliviana,Moen et al. 2013,terrestrial,m,20.9,36.02,1.13,0.801,0.118,1.810624,67.952926,0.823949,31.833382
USNM-247438,Hamptophryne boliviana,Moen et al. 2016,terrestrial,m,32.04,52.16,NA,2.383,0.334,NA,NA,NA,NA
USNM-247661,Hamptophryne boliviana,Moen et al. 2016,terrestrial,m,27.28,47.19,NA,1.662,0.204,NA,NA,NA,NA
USNM-247665,Hamptophryne boliviana,Moen et al. 2016,terrestrial,m,30.81,51.91,NA,2.599,0.34,NA,NA,NA,NA
USNM-343034,Hamptophryne boliviana,Moen et al. 2016,terrestrial,m,30.44,50.31,NA,2.228,0.268,NA,NA,NA,NA
USNM-343037,Hamptophryne boliviana,Moen et al. 2016,terrestrial,m,28.56,44.96,NA,1.978,0.218,NA,NA,NA,NA
MCZ-A136101,Heterixalus alboguttatus,Moen et al. 2016,arboreal,m,22.5,34.83,NA,0.718,0.072,NA,NA,NA,NA
MCZ-A136108,Heterixalus alboguttatus,Moen et al. 2016,arboreal,m,23.43,38.39,NA,0.842,0.1,NA,NA,NA,NA
MCZ-A136243,Heterixalus alboguttatus,Moen et al. 2016,arboreal,m,26.57,43.01,NA,1.134,0.128,NA,NA,NA,NA
MCZ-A119911,Heterixalus betsileo,Moen et al. 2016,arboreal,m,17.81,33.31,NA,0.5,0.046,NA,NA,NA,NA
MCZ-A119913,Heterixalus betsileo,Moen et al. 2016,arboreal,m,19.73,31.89,NA,0.596,0.06,NA,NA,NA,NA
KU-190388,Hyalinobatrachium fleischmanni,Moen et al. 2016,arboreal,m,24.42,46.39,NA,0.632,0.068,NA,NA,NA,NA
KU-190389,Hyalinobatrachium fleischmanni,Moen et al. 2016,arboreal,m,24.5,44.71,NA,0.846,0.074,NA,NA,NA,NA
KU-190390,Hyalinobatrachium fleischmanni,Moen et al. 2016,arboreal,m,25.61,47.53,NA,0.772,0.078,NA,NA,NA,NA
KU-190393,Hyalinobatrachium fleischmanni,Moen et al. 2016,arboreal,m,25.14,46.91,NA,0.711,0.082,NA,NA,NA,NA
KU-190395,Hyalinobatrachium fleischmanni,Moen et al. 2016,arboreal,m,24.35,45.68,NA,0.635,0.07,NA,NA,NA,NA
KIZ-04107,Hyla annectans,Moen et al. 2013,arboreal,m,33.86,56.8,2.03,1.47,0.06,1.696765,39.295492,0.546864,15.153726
KIZ-04142,Hyla annectans,Moen et al. 2013,arboreal,f,28.67,48.44,1.68,0.85,0.04,1.721453,47.555043,0.812155,17.121051
KIZ-04151,Hyla annectans,Moen et al. 2013,arboreal,m,30.59,50.62,1.99,1.11,0.08,1.73569,51.230163,0.778078,16.034478
KIZ-04157,Hyla annectans,Moen et al. 2013,arboreal,f,28.16,47.53,1.29,0.74,0.02,2.001071,58.427956,0.770914,22.383003
KIZ-04170,Hyla annectans,Moen et al. 2013,arboreal,m,29.7,50.73,1.81,1.39,0.08,1.895121,38.659107,0.651048,17.52459
KU-186364,Hyla bocourti,Moen et al. 2016,arboreal,m,29.66,49.3,NA,1.519,0.154,NA,NA,NA,NA
KU-186365,Hyla bocourti,Moen et al. 2016,arboreal,m,31.99,53.55,NA,1.856,0.19,NA,NA,NA,NA
KU-186386,Hyla bocourti,Moen et al. 2016,arboreal,m,29.75,51.26,NA,1.558,0.158,NA,NA,NA,NA
KU-186415,Hyla bocourti,Moen et al. 2016,arboreal,m,30.19,50.58,NA,1.768,0.164,NA,NA,NA,NA
KU-186419,Hyla bocourti,Moen et al. 2016,arboreal,m,30.61,48.83,NA,1.979,0.15,NA,NA,NA,NA
USNM-530739,Hyla chrysoscelis,Moen et al. 2016,arboreal,m,46.68,72.02,NA,8.242,0.694,NA,NA,NA,NA
USNM-530749,Hyla chrysoscelis,Moen et al. 2016,arboreal,m,37.26,56.5,NA,4.286,0.374,NA,NA,NA,NA
USNM-530750,Hyla chrysoscelis,Moen et al. 2016,arboreal,m,43.56,66.61,NA,6.957,0.724,NA,NA,NA,NA
USNM-530764,Hyla chrysoscelis,Moen et al. 2016,arboreal,m,38.56,58.29,NA,4.352,0.3,NA,NA,NA,NA
USNM-530783,Hyla chrysoscelis,Moen et al. 2016,arboreal,m,39.68,60.38,NA,4.52,0.382,NA,NA,NA,NA
USNM-530867,Hyla femoralis,Moen et al. 2016,arboreal,m,34.76,50.2,NA,2.311,0.182,NA,NA,NA,NA
USNM-530868,Hyla femoralis,Moen et al. 2016,arboreal,m,28.71,43.8,NA,1.429,0.102,NA,NA,NA,NA
USNM-530870,Hyla femoralis,Moen et al. 2016,arboreal,m,30.47,46.4,NA,1.786,0.146,NA,NA,NA,NA
USNM-530874,Hyla femoralis,Moen et al. 2016,arboreal,m,31.84,49.72,NA,1.845,0.18,NA,NA,NA,NA
USNM-530969,Hyla femoralis,Moen et al. 2016,arboreal,m,30.34,43.34,NA,1.491,0.116,NA,NA,NA,NA
CM-50928,Hyla meridionalis,Moen et al. 2016,arboreal,m,39.52,65.73,NA,3.03,0.262,NA,NA,NA,NA
CM-50930,Hyla meridionalis,Moen et al. 2016,arboreal,m,41.75,66.85,NA,3.684,0.312,NA,NA,NA,NA
CM-50935,Hyla meridionalis,Moen et al. 2016,arboreal,m,40.42,67.5,NA,3.407,0.3,NA,NA,NA,NA
CM-52122,Hyla meridionalis,Moen et al. 2016,arboreal,m,39.29,66.12,NA,3.423,0.418,NA,NA,NA,NA
CM-53079,Hyla meridionalis,Moen et al. 2016,arboreal,m,37.99,62.72,NA,3.099,0.38,NA,NA,NA,NA
FMNH-139965,Hylarana signata,Moen et al. 2016,torrential,m,44,80.16,NA,5.9433,0.9806,NA,NA,NA,NA
FMNH-139983,Hylarana signata,Moen et al. 2016,torrential,m,42.69,79.3,NA,5.1624,0.8572,NA,NA,NA,NA
FMNH-146614,Hylarana signata,Moen et al. 2016,torrential,m,46.63,81.69,NA,5.6713,0.8334,NA,NA,NA,NA
FMNH-146633,Hylarana signata,Moen et al. 2016,torrential,m,47.78,82.84,NA,6.3098,1.1164,NA,NA,NA,NA
FMNH-146634,Hylarana signata,Moen et al. 2016,torrential,m,43.83,81.5,NA,4.6714,0.7438,NA,NA,NA,NA
CAS-180467,Hyperolius discodactylus,Moen et al. 2016,arboreal,m,29,52.88,NA,1.627,0.236,NA,NA,NA,NA
CAS-180468,Hyperolius discodactylus,Moen et al. 2016,arboreal,m,32.89,54.37,NA,2.141,0.266,NA,NA,NA,NA
CAS-180474,Hyperolius discodactylus,Moen et al. 2016,arboreal,m,30.34,49.93,NA,1.927,0.228,NA,NA,NA,NA
CAS-180476,Hyperolius discodactylus,Moen et al. 2016,arboreal,m,29.2,50.56,NA,1.625,0.206,NA,NA,NA,NA
CAS-180479,Hyperolius discodactylus,Moen et al. 2016,arboreal,m,29.51,51.49,NA,1.748,0.218,NA,NA,NA,NA
CAS-180163,Hyperolius lateralis,Moen et al. 2016,arboreal,m,24.47,41.84,NA,1.064,0.13,NA,NA,NA,NA
CAS-180168,Hyperolius lateralis,Moen et al. 2016,arboreal,m,23.36,38.86,NA,0.86,0.096,NA,NA,NA,NA
CAS-180169,Hyperolius lateralis,Moen et al. 2016,arboreal,m,21.1,34.29,NA,0.723,0.082,NA,NA,NA,NA
CAS-180170,Hyperolius lateralis,Moen et al. 2016,arboreal,m,22.34,36.71,NA,0.847,0.104,NA,NA,NA,NA
CAS-180173,Hyperolius lateralis,Moen et al. 2016,arboreal,m,23.88,37.1,NA,1.061,0.126,NA,NA,NA,NA
CAS-178187,Hyperolius viridiflavus,Moen et al. 2016,arboreal,m,30.13,49.68,NA,1.806,0.19,NA,NA,NA,NA
CAS-178196,Hyperolius viridiflavus,Moen et al. 2016,arboreal,m,33.06,54.93,NA,2.171,0.246,NA,NA,NA,NA
CAS-178206,Hyperolius viridiflavus,Moen et al. 2016,arboreal,m,29.75,49.06,NA,2.018,0.224,NA,NA,NA,NA
CAS-178208,Hyperolius viridiflavus,Moen et al. 2016,arboreal,m,30.4,48.78,NA,2.366,0.228,NA,NA,NA,NA
CAS-178209,Hyperolius viridiflavus,Moen et al. 2016,arboreal,m,31.31,54.04,NA,2.048,0.204,NA,NA,NA,NA
KU-186551,Hypopachus barberi,Moen et al. 2016,burrowing,m,36.14,53.93,NA,4.886,0.424,NA,NA,NA,NA
KU-186560,Hypopachus barberi,Moen et al. 2016,burrowing,m,31.76,48.89,NA,2.839,0.27,NA,NA,NA,NA
KU-186561,Hypopachus barberi,Moen et al. 2016,burrowing,m,31.38,46.96,NA,2.892,0.242,NA,NA,NA,NA
KU-186562,Hypopachus barberi,Moen et al. 2016,burrowing,m,30.39,47.54,NA,3.102,0.266,NA,NA,NA,NA
KU-186581,Hypopachus barberi,Moen et al. 2016,burrowing,m,31.2,49.24,NA,3.291,0.31,NA,NA,NA,NA
USNM-208789,Hypsiboas faber,Moen et al. 2016,arboreal,m,97.87,180.52,NA,66.772,8.092,NA,NA,NA,NA
USNM-208790,Hypsiboas faber,Moen et al. 2016,arboreal,m,100.4,194.81,NA,62.845,9.744,NA,NA,NA,NA
USNM-208791,Hypsiboas faber,Moen et al. 2016,arboreal,m,102.63,185.96,NA,60.904,8.92,NA,NA,NA,NA
USNM-247822,Hypsiboas faber,Moen et al. 2016,arboreal,m,95.19,178.11,NA,60.547,7.994,NA,NA,NA,NA
USNM-247824,Hypsiboas faber,Moen et al. 2016,arboreal,m,102.1,188.49,NA,59.278,8.62,NA,NA,NA,NA
USNM-247141,Hypsiboas fasciatus,Moen et al. 2016,arboreal,m,32.47,57.23,NA,1.771,0.2,NA,NA,NA,NA
USNM-247145,Hypsiboas fasciatus,Moen et al. 2016,arboreal,m,33.85,58.76,NA,1.586,0.19,NA,NA,NA,NA
USNM-247584,Hypsiboas fasciatus,Moen et al. 2016,arboreal,m,31.54,59.35,NA,1.362,0.138,NA,NA,NA,NA
USNM-247585,Hypsiboas fasciatus,Moen et al. 2016,arboreal,m,35.37,65.57,NA,1.901,0.248,NA,NA,NA,NA
USNM-247590,Hypsiboas fasciatus,Moen et al. 2016,arboreal,m,31.73,55.46,NA,1.471,0.162,NA,NA,NA,NA
USNM-222175,Hypsiboas geographicus,Moen et al. 2016,arboreal,m,42.55,66.14,NA,3.419,0.238,NA,NA,NA,NA
USNM-235739,Hypsiboas geographicus,Moen et al. 2016,arboreal,m,44.11,75.68,NA,3.171,0.276,NA,NA,NA,NA
USNM-247601,Hypsiboas geographicus,Moen et al. 2016,arboreal,m,40.32,68.38,NA,3.131,0.272,NA,NA,NA,NA
USNM-268862,Hypsiboas geographicus,Moen et al. 2016,arboreal,m,46.81,79.66,NA,4.349,0.432,NA,NA,NA,NA
USNM-342938,Hypsiboas geographicus,Moen et al. 2016,arboreal,m,46.32,75.92,NA,5.348,0.33,NA,NA,NA,NA
DSM-0102,Hypsiboas hobbsi,Moen et al. 2013,arboreal,m,39.35,67.6,3.736666667,3.588,0.442,2.43139,66.66554,1.412381,21.807258
DSM-0103,Hypsiboas hobbsi,Moen et al. 2013,arboreal,m,40.2,68.83,3.986666667,3.502,0.45,2.423388,54.288145,1.665154,34.580854
DSM-0142,Hypsiboas hobbsi,Moen et al. 2013,arboreal,m,41.46,68.73,4.056666667,3.74,0.524,2.74186,78.08454,1.661853,49.915929
DSM-0143,Hypsiboas hobbsi,Moen et al. 2013,arboreal,f,43.92,75.14,4.913333333,4.36,0.566,2.613462,53.956378,2.06593,46.262908
DSM-0144,Hypsiboas hobbsi,Moen et al. 2013,arboreal,m,39.05,67.96,3.546666667,3.518,0.52,2.172691,68.379554,1.709887,34.563574
DSM-0145,Hypsiboas hobbsi,Moen et al. 2013,arboreal,m,41.43,70.51,4.755,3.591,0.522,2.327387,50.711978,1.833859,36.738196
DSM-0149,Hypsiboas hobbsi,Moen et al. 2013,arboreal,m,38.53,66.69,4.023333333,3.65,0.518,2.304498,53.257298,1.116197,30.275612
DSM-0087,Hypsiboas lanciformis,Moen et al. 2013,arboreal,f,70.08,143.67,17.50333333,16.256,2.89,3.814029,61.361397,1.896828,27.891648
DSM-0115,Hypsiboas lanciformis,Moen et al. 2013,arboreal,m,63.69,118.19,14.43333333,12.607,2.264,3.317658,90.496744,1.133882,16.086866
DSM-0116,Hypsiboas lanciformis,Moen et al. 2013,arboreal,m,67.01,130.47,14.95666667,14.075,2.468,3.507728,58.957681,1.515613,29.277728
DSM-0150,Hypsiboas lanciformis,Moen et al. 2013,arboreal,m,67.73,130.45,14.25333333,12.877,2.246,3.40986,61.26465,1.127709,16.425268
DSM-0151,Hypsiboas lanciformis,Moen et al. 2013,arboreal,m,64.38,127.56,15.59666667,14.262,2.696,3.294873,65.008296,1.263792,23.143336
DSM-0152,Hypsiboas lanciformis,Moen et al. 2013,arboreal,m,66.76,119.26,14.75,14.374,2.356,3.359211,57.536484,1.818133,46.595504
DSM-0153,Hypsiboas lanciformis,Moen et al. 2013,arboreal,m,63.45,121.76,14.36666667,14.655,2.41,2.926566,56.090732,1.80171,39.535155
DSM-0154,Hypsiboas lanciformis,Moen et al. 2013,arboreal,m,65.58,127.28,13.92,13.403,2.324,3.183843,65.869593,1.283358,25.446988
USNM-208870,Hypsiboas polytaenius,Moen et al. 2016,arboreal,m,30.38,51.2,NA,1.189,0.074,NA,NA,NA,NA
USNM-208890,Hypsiboas polytaenius,Moen et al. 2016,arboreal,m,29.24,50.56,NA,1.257,0.09,NA,NA,NA,NA
USNM-208893,Hypsiboas polytaenius,Moen et al. 2016,arboreal,m,30.18,52.07,NA,1.184,0.086,NA,NA,NA,NA
USNM-208914,Hypsiboas polytaenius,Moen et al. 2016,arboreal,m,28.06,48.89,NA,1.088,0.056,NA,NA,NA,NA
USNM-208955,Hypsiboas polytaenius,Moen et al. 2016,arboreal,m,31.19,54.47,NA,1.063,0.08,NA,NA,NA,NA
DSM-0159,Hypsiboas punctatus,Moen et al. 2013,arboreal,m,34.69,61.48,1.903333,1.705,0.164,1.941487,40.427416,1.419687,38.440273
DSM-0160,Hypsiboas punctatus,Moen et al. 2013,arboreal,f,36.52,64.14,2.333333333,1.942,0.192,2.141887,38.418192,0.989565,19.85346
DSM-0162,Hypsiboas punctatus,Moen et al. 2013,arboreal,m,33.36,57.56,2.106666667,1.736,0.188,2.642229,78.014464,1.159691,23.150592
DSM-0163,Hypsiboas punctatus,Moen et al. 2013,arboreal,m,33.13,56.2,2.003333333,1.756,0.15,2.351174,63.219316,1.007813,28.956719
DSM-0164,Hypsiboas punctatus,Moen et al. 2013,arboreal,m,33.56,59.2,2.38,2.014,0.192,2.429402,46.38148,1.065121,20.003807
DSM-0165,Hypsiboas punctatus,Moen et al. 2013,arboreal,m,37.09,60.66,2.885,2.665,0.262,2.332397,67.915418,1.12603,22.273747
DSM-0168,Hypsiboas punctatus,Moen et al. 2013,arboreal,f,36.87,60.54,2.62,2.523,0.196,2.247099,49.552658,1.09642,29.237749
KU-186289,Incilius ibarrai,Moen et al. 2016,terrestrial,m,71.61,106.92,NA,35.354,3,NA,NA,NA,NA
KU-186290,Incilius ibarrai,Moen et al. 2016,terrestrial,m,67.18,94.09,NA,28.552,2.118,NA,NA,NA,NA
KU-186291,Incilius ibarrai,Moen et al. 2016,terrestrial,m,66.1,93.71,NA,26.611,2.502,NA,NA,NA,NA
KU-186293,Incilius ibarrai,Moen et al. 2016,terrestrial,m,69.88,102.18,NA,36.008,2.792,NA,NA,NA,NA
KU-186294,Incilius ibarrai,Moen et al. 2016,terrestrial,m,64.48,97,NA,25.87,2.168,NA,NA,NA,NA
FMNH-217926,Indirana brachytarsus,Moen et al. 2016,terrestrial,m,32,56.95,NA,2.3925,0.396,NA,NA,NA,NA
FMNH-217937,Indirana brachytarsus,Moen et al. 2016,terrestrial,m,29.83,53.94,NA,1.849,0.274,NA,NA,NA,NA
FMNH-217943,Indirana brachytarsus,Moen et al. 2016,terrestrial,m,30.08,56.9,NA,1.8817,0.3146,NA,NA,NA,NA
FMNH-217955,Indirana brachytarsus,Moen et al. 2016,terrestrial,m,28.71,52.46,NA,1.5618,0.2048,NA,NA,NA,NA
FMNH-217959,Indirana brachytarsus,Moen et al. 2016,terrestrial,m,29.85,53.32,NA,1.8226,0.2826,NA,NA,NA,NA
FMNH-218030,Indosylvirana temporalis,Moen et al. 2016,torrential,m,56.31,97.62,NA,8.9415,1.3824,NA,NA,NA,NA
FMNH-218031,Indosylvirana temporalis,Moen et al. 2016,torrential,m,50.87,89.88,NA,7.8145,1.1996,NA,NA,NA,NA
FMNH-218033,Indosylvirana temporalis,Moen et al. 2016,torrential,m,50.82,91.51,NA,6.8021,1.163,NA,NA,NA,NA
FMNH-218036,Indosylvirana temporalis,Moen et al. 2016,torrential,m,50.39,87.88,NA,8.0393,0.9734,NA,NA,NA,NA
FMNH-218040,Indosylvirana temporalis,Moen et al. 2016,torrential,m,53.43,87.78,NA,8.7235,1.1494,NA,NA,NA,NA
FMNH-218042,Indosylvirana temporalis,Moen et al. 2016,torrential,m,50.5,89.57,NA,6.5271,1.1308,NA,NA,NA,NA
FMNH-138852,Ingerophrynus divergens,Moen et al. 2016,terrestrial,m,37.45,63.68,NA,5.614,0.464,NA,NA,NA,NA
FMNH-138859,Ingerophrynus divergens,Moen et al. 2016,terrestrial,m,43.35,68.43,NA,5.947,0.54,NA,NA,NA,NA
FMNH-138876,Ingerophrynus divergens,Moen et al. 2016,terrestrial,m,38.96,64.66,NA,4.497,0.47,NA,NA,NA,NA
FMNH-138892,Ingerophrynus divergens,Moen et al. 2016,terrestrial,m,37.32,62.11,NA,3.746,0.372,NA,NA,NA,NA
FMNH-138893,Ingerophrynus divergens,Moen et al. 2016,terrestrial,m,35.4,60.04,NA,3.396,0.364,NA,NA,NA,NA
USNM-235634,Ischnocnema guentheri,Moen et al. 2016,terrestrial,m,24.3,58.11,NA,1.48,0.228,NA,NA,NA,NA
USNM-235638,Ischnocnema guentheri,Moen et al. 2016,terrestrial,m,24.12,50.59,NA,1.371,0.188,NA,NA,NA,NA
USNM-235665,Ischnocnema guentheri,Moen et al. 2016,terrestrial,m,26.13,55.78,NA,1.537,0.212,NA,NA,NA,NA
USNM-235666,Ischnocnema guentheri,Moen et al. 2016,terrestrial,m,25.31,54,NA,1.543,0.188,NA,NA,NA,NA
USNM-235667,Ischnocnema guentheri,Moen et al. 2016,terrestrial,m,26.88,60.5,NA,1.523,0.26,NA,NA,NA,NA
FMNH-138068,Kalophrynus pleurostigma,Moen et al. 2016,terrestrial,m,50.21,76.25,NA,11.587,1.332,NA,NA,NA,NA
FMNH-150432,Kalophrynus pleurostigma,Moen et al. 2016,terrestrial,m,49.18,72.63,NA,9.513,1.062,NA,NA,NA,NA
FMNH-150433,Kalophrynus pleurostigma,Moen et al. 2016,terrestrial,m,47.33,70.87,NA,8.114,0.826,NA,NA,NA,NA
FMNH-248861,Kaloula baleata,Moen et al. 2016,arboreal,m,58.29,76.87,NA,19.958,1.586,NA,NA,NA,NA
FMNH-248862,Kaloula baleata,Moen et al. 2016,arboreal,f,60.62,74.48,NA,23.537,1.138,NA,NA,NA,NA
FMNH-63499,Kaloula baleata,Moen et al. 2016,arboreal,m,53.46,74.47,NA,13.861,0.996,NA,NA,NA,NA
FMNH-63500,Kaloula baleata,Moen et al. 2016,arboreal,f,51.74,66.87,NA,14.309,1.25,NA,NA,NA,NA
USNM-149295,Laliostoma labrosum,Moen et al. 2016,burrowing,m,46.26,74.16,NA,7.917,0.926,NA,NA,NA,NA
USNM-149297,Laliostoma labrosum,Moen et al. 2016,burrowing,m,47.77,71.12,NA,7.163,0.9,NA,NA,NA,NA
USNM-499273,Laliostoma labrosum,Moen et al. 2016,burrowing,m,49.54,83.3,NA,11.137,1.06,NA,NA,NA,NA
FMNH-138149,Leptobrachella mjobergi,Moen et al. 2016,terrestrial,m,18.17,32.37,NA,0.389,0.068,NA,NA,NA,NA
FMNH-138166,Leptobrachella mjobergi,Moen et al. 2016,terrestrial,m,17.98,32.91,NA,0.208,0.08,NA,NA,NA,NA
FMNH-138168,Leptobrachella mjobergi,Moen et al. 2016,terrestrial,m,18.33,33.86,NA,0.226,0.078,NA,NA,NA,NA
FMNH-138178,Leptobrachella mjobergi,Moen et al. 2016,terrestrial,m,18.88,32.13,NA,0.298,0.08,NA,NA,NA,NA
FMNH-146270,Leptobrachella mjobergi,Moen et al. 2016,terrestrial,m,18.99,31.53,NA,0.415,0.07,NA,NA,NA,NA
FMNH-188475,Leptobrachium montanum,Moen et al. 2016,terrestrial,m,68.35,84.41,NA,13.414,0.978,NA,NA,NA,NA
FMNH-188479,Leptobrachium montanum,Moen et al. 2016,terrestrial,m,59.75,80.54,NA,10.793,0.726,NA,NA,NA,NA
FMNH-188483,Leptobrachium montanum,Moen et al. 2016,terrestrial,m,52.99,70.31,NA,7.442,0.602,NA,NA,NA,NA
FMNH-188485,Leptobrachium montanum,Moen et al. 2016,terrestrial,m,68.66,84.69,NA,16.201,1.196,NA,NA,NA,NA
USNM-222275,Leptodactylus bolivianus,Moen et al. 2016,terrestrial,m,79.72,150.62,NA,36.336,7.4,NA,NA,NA,NA
USNM-222276,Leptodactylus bolivianus,Moen et al. 2016,terrestrial,m,81.38,145.74,NA,45.625,8.272,NA,NA,NA,NA
USNM-247338,Leptodactylus bolivianus,Moen et al. 2016,terrestrial,m,108.36,207.05,NA,122.451,20,NA,NA,NA,NA
USNM-247350,Leptodactylus bolivianus,Moen et al. 2016,terrestrial,m,107.3,195.41,NA,81.404,14.822,NA,NA,NA,NA
USNM-209217,Leptodactylus fuscus,Moen et al. 2016,terrestrial,m,42.36,75.78,NA,5.838,0.99,NA,NA,NA,NA
USNM-209218,Leptodactylus fuscus,Moen et al. 2016,terrestrial,m,45.75,79.42,NA,6.514,1.2,NA,NA,NA,NA
USNM-209219,Leptodactylus fuscus,Moen et al. 2016,terrestrial,m,43.28,76.7,NA,6.374,1.166,NA,NA,NA,NA
USNM-209220,Leptodactylus fuscus,Moen et al. 2016,terrestrial,m,46.65,79.87,NA,7.521,1.226,NA,NA,NA,NA
USNM-243685,Leptodactylus fuscus,Moen et al. 2016,terrestrial,m,47.28,80.4,NA,8.483,1.616,NA,NA,NA,NA
USNM-209224,Leptodactylus latrans,Moen et al. 2016,aquatic,m,105.43,181.01,NA,115.72,17.862,NA,NA,NA,NA
USNM-209227,Leptodactylus latrans,Moen et al. 2016,aquatic,m,99.77,186.42,NA,109.277,20.01,NA,NA,NA,NA
USNM-209228,Leptodactylus latrans,Moen et al. 2016,aquatic,m,101.45,186.08,NA,135.712,20.402,NA,NA,NA,NA
DSM-0051,Leptodactylus leptodactyloides,Moen et al. 2013,semi-aquatic,m,30.78,53.63,3.08,2.485,0.464,2.697179,108.89324,1.423761,46.08402
DSM-0169,Leptodactylus leptodactyloides,Moen et al. 2013,semi-aquatic,m,30.86,53.02,2.835,2.764,0.478,2.437316,89.486633,1.042827,33.746183
DSM-0170,Leptodactylus leptodactyloides,Moen et al. 2013,semi-aquatic,m,30.42,50.7,2.236666667,2.094,0.286,2.194779,130.613134,1.144764,24.275949
DSM-0171,Leptodactylus leptodactyloides,Moen et al. 2013,semi-aquatic,m,30.32,53.37,3.09,2.781,0.482,2.38539,87.423331,1.492727,48.167342
DSM-0173,Leptodactylus leptodactyloides,Moen et al. 2013,semi-aquatic,m,32.12,55.36,3.433333333,3.348,0.576,2.149308,68.720641,1.564609,46.709728
DSM-0174,Leptodactylus leptodactyloides,Moen et al. 2013,semi-aquatic,m,39.06,70.42,6.033333333,5.654,1.034,2.727921,105.692403,0.967813,18.738923
DSM-0184,Leptodactylus leptodactyloides,Moen et al. 2013,semi-aquatic,m,35.55,66.89,4.785,4.303,0.91,2.034625,47.03616,1.127583,34.759035
USNM-247374,Leptodactylus leptodactyloides,Moen et al. 2016,semi-aquatic,m,34.52,61.07,NA,3.38,0.514,NA,NA,NA,NA
USNM-247377,Leptodactylus leptodactyloides,Moen et al. 2016,semi-aquatic,m,38.56,71,NA,3.703,0.68,NA,NA,NA,NA
USNM-247383,Leptodactylus leptodactyloides,Moen et al. 2016,semi-aquatic,m,36.12,64.22,NA,3.634,0.626,NA,NA,NA,NA
USNM-247384,Leptodactylus leptodactyloides,Moen et al. 2016,semi-aquatic,m,37.27,68.59,NA,4.08,0.686,NA,NA,NA,NA
USNM-247396,Leptodactylus leptodactyloides,Moen et al. 2016,semi-aquatic,m,34.56,59.3,NA,3.182,0.55,NA,NA,NA,NA
USNM-307120,Leptodactylus petersii,Moen et al. 2016,semi-aquatic,m,26.36,46.69,NA,1.729,0.226,NA,NA,NA,NA
USNM-307122,Leptodactylus petersii,Moen et al. 2016,semi-aquatic,m,29.28,51.08,NA,2.352,0.314,NA,NA,NA,NA
USNM-332459,Leptodactylus petersii,Moen et al. 2016,semi-aquatic,m,31.07,51.04,NA,2.93,0.336,NA,NA,NA,NA
USNM-343255,Leptodactylus petersii,Moen et al. 2016,semi-aquatic,m,28.92,49.17,NA,1.655,0.25,NA,NA,NA,NA
DSM-0052,Leptodactylus rhodomystax,Moen et al. 2013,terrestrial,f,82.27,139.46,56.49666667,51.366,7.49,2.549799,48.197024,1.268837,19.319079
DSM-0053,Leptodactylus rhodomystax,Moen et al. 2013,terrestrial,m,79.47,134.72,49.02333333,48.257,6.98,2.498699,54.766504,1.343095,26.979903
DSM-0067,Leptodactylus rhodomystax,Moen et al. 2013,terrestrial,f,86.33,137.86,63,61.996,7.198,2.586182,54.324818,1.401949,32.02951
DSM-0101,Leptodactylus rhodomystax,Moen et al. 2013,terrestrial,m,70.16,119.22,31.35666667,29.049,5.07,2.703975,56.686222,1.303724,27.45509
DSM-0105,Leptodactylus rhodomystax,Moen et al. 2013,terrestrial,m,77.45,131.44,49.59666667,42.657,7.264,2.426254,60.268986,1.429436,29.560773
DSM-0107,Leptodactylus rhodomystax,Moen et al. 2013,terrestrial,m,69.23,121.6,30.12333333,26.775,5.266,2.480571,46.783197,1.583077,34.841061
DSM-0123,Leptodactylus rhodomystax,Moen et al. 2013,terrestrial,m,77.34,128.56,42.85,38.395,6.842,2.424556,72.716787,1.449141,26.915524
DSM-0124,Leptodactylus rhodomystax,Moen et al. 2013,terrestrial,m,59.63,101.56,16.4,13.554,2.484,2.248833,55.549557,1.322613,28.303296
CAS-177088,Leptopelis kivuensis,Moen et al. 2016,arboreal,m,32.74,53.98,NA,2.783,0.208,NA,NA,NA,NA
CAS-177089,Leptopelis kivuensis,Moen et al. 2016,arboreal,m,33.51,54.46,NA,2.96,0.208,NA,NA,NA,NA
CAS-177128,Leptopelis kivuensis,Moen et al. 2016,arboreal,m,33.69,60.19,NA,2.91,0.306,NA,NA,NA,NA
CAS-177130,Leptopelis kivuensis,Moen et al. 2016,arboreal,m,36.75,60.26,NA,3.5,0.34,NA,NA,NA,NA
CAS-177134,Leptopelis kivuensis,Moen et al. 2016,arboreal,m,32.12,53.62,NA,2.648,0.264,NA,NA,NA,NA
DSM-0226,Limnodynastes convexiusculus,Moen et al. 2013,terrestrial,f,51.42,76.58,12.96333333,11.01,1.128,2.049295,59.851868,0.790149,25.225987
DSM-0227,Limnodynastes convexiusculus,Moen et al. 2013,terrestrial,f,45.7,69.84,7.385,6.922,1.064,2.378373,67.417008,0.964724,22.35062
DSM-0228,Limnodynastes convexiusculus,Moen et al. 2013,terrestrial,f,41.08,63.89,6.463333333,5.042,0.748,2.046213,45.27039,0.740344,16.448299
DSM-0229,Limnodynastes convexiusculus,Moen et al. 2013,terrestrial,f,41.51,63.59,5.72,4.198,0.584,1.88937,68.689692,0.783692,35.4232
DSM-0246,Limnodynastes convexiusculus,Moen et al. 2013,terrestrial,f,40.36,62.71,5.78,3.578,0.496,2.198874,62.862894,0.796179,19.122374
FMNH-137233,Limnonectes ibanorum,Moen et al. 2016,semi-aquatic,m,64.2,117.4,NA,20.62,4.78,NA,NA,NA,NA
FMNH-144213,Limnonectes ibanorum,Moen et al. 2016,semi-aquatic,m,90.85,166.33,NA,63.095,15.494,NA,NA,NA,NA
FMNH-144290,Limnonectes ibanorum,Moen et al. 2016,semi-aquatic,m,72.36,133.44,NA,32.074,7.236,NA,NA,NA,NA
FMNH-146879,Limnonectes ibanorum,Moen et al. 2016,semi-aquatic,m,65.08,121.19,NA,23.766,4.0702,NA,NA,NA,NA
FMNH-146908,Limnonectes ibanorum,Moen et al. 2016,semi-aquatic,m,87.07,163.77,NA,50.336,12.704,NA,NA,NA,NA
FMNH-138715,Limnonectes kuhlii,Moen et al. 2016,semi-aquatic,m,49.46,81.1,NA,11.3325,1.9484,NA,NA,NA,NA
FMNH-138749,Limnonectes kuhlii,Moen et al. 2016,semi-aquatic,m,52.67,88.77,NA,15.883,3.502,NA,NA,NA,NA
FMNH-138755,Limnonectes kuhlii,Moen et al. 2016,semi-aquatic,m,44.57,76.56,NA,7.6991,1.388,NA,NA,NA,NA
FMNH-138757,Limnonectes kuhlii,Moen et al. 2016,semi-aquatic,m,43.26,75.42,NA,8.1941,1.5732,NA,NA,NA,NA
FMNH-138762,Limnonectes kuhlii,Moen et al. 2016,semi-aquatic,m,65.03,107.05,NA,25.438,4.3872,NA,NA,NA,NA
FMNH-136433,Limnonectes palavanensis,Moen et al. 2016,terrestrial,m,29.81,62.12,NA,2.366,0.5,NA,NA,NA,NA
FMNH-145651,Limnonectes palavanensis,Moen et al. 2016,terrestrial,m,28.88,58.53,NA,1.985,0.468,NA,NA,NA,NA
FMNH-145654,Limnonectes palavanensis,Moen et al. 2016,terrestrial,m,28.59,55.83,NA,1.904,0.446,NA,NA,NA,NA
FMNH-145659,Limnonectes palavanensis,Moen et al. 2016,terrestrial,m,30.3,61.77,NA,2.454,0.658,NA,NA,NA,NA
FMNH-148351,Limnonectes palavanensis,Moen et al. 2016,terrestrial,m,28.61,56.43,NA,2.28,0.466,NA,NA,NA,NA
DSM-0266,Litoria bicolor,Moen et al. 2013,arboreal,m,23.89,37.31,0.636666667,0.514,0.05,2.663186,125.27586,1.345117,36.463125
DSM-0268,Litoria bicolor,Moen et al. 2013,arboreal,m,25.02,39.08,0.716666667,0.603,0.068,2.473673,90.108038,1.348637,54.206422
DSM-0271,Litoria bicolor,Moen et al. 2013,arboreal,f,27.28,44.76,0.86,0.649,0.082,2.584009,89.241404,1.279182,40.94264
DSM-0272,Litoria bicolor,Moen et al. 2013,arboreal,m,23.85,37.83,0.62,0.402,0.058,2.171596,86.829313,1.290201,39.063068
DSM-0273,Litoria bicolor,Moen et al. 2013,arboreal,f,28.13,44.93,1.105,0.846,0.112,2.945344,89.201258,1.09991,26.606031
DSM-0274,Litoria bicolor,Moen et al. 2013,arboreal,f,27.15,41.94,1.03,0.784,0.092,2.680957,91.697688,1.346132,40.071359
DSM-0275,Litoria bicolor,Moen et al. 2013,arboreal,f,24.89,39.39,0.83,0.616,0.09,2.749647,102.149332,1.34965,59.880663
DSM-0235,Litoria caerulea,Moen et al. 2013,arboreal,f,69.61,106.86,21.06,15.861,1.558,2.661149,48.182443,0.739183,18.593086
DSM-0282,Litoria caerulea,Moen et al. 2013,arboreal,m,68.4,105.79,22.89,22.3,2.086,2.959277,42.951405,0.967365,20.600424
DSM-0283,Litoria caerulea,Moen et al. 2013,arboreal,m,75.34,110.65,25.445,24.984,1.952,2.568247,40.319363,0.85935,10.681621
DSM-0284,Litoria caerulea,Moen et al. 2013,arboreal,m,74.27,108.39,26.76666667,23.496,2.218,2.559288,33.025118,1.05529,21.179026
DSM-0293,Litoria caerulea,Moen et al. 2013,arboreal,m,73.87,112.47,31.28,30.275,2.454,2.11613,25.809034,1.044631,24.233938
DSM-0303,Litoria caerulea,Moen et al. 2013,arboreal,m,79.16,112.43,36.36,39.714,3.206,2.432135,46.248322,1.170604,22.693857
DSM-0230,Litoria dahlii,Moen et al. 2013,aquatic,f,53.5,92.64,13.81,9.514,1.508,2.358272,54.726268,1.65612,34.238127
DSM-0231,Litoria dahlii,Moen et al. 2013,aquatic,m,59.02,99.67,17.79333333,14.93,2.572,2.873103,73.136634,2.237646,65.143047
DSM-0232,Litoria dahlii,Moen et al. 2013,aquatic,f,51.87,89.33,10.50666667,8.413,1.174,2.426849,61.286856,1.978821,54.605839
DSM-0233,Litoria dahlii,Moen et al. 2013,aquatic,f,57.56,99.21,13.49,10.917,2.114,2.605952,48.689704,1.872026,34.147683
DSM-0234,Litoria dahlii,Moen et al. 2013,aquatic,f,58.66,103.36,17.29,14.384,2.176,2.731143,52.165379,1.343215,30.373164
DSM-0277,Litoria dahlii,Moen et al. 2013,aquatic,m,46.47,74.58,9.073333333,7.539,1.034,2.551108,69.625028,1.693947,48.936152
DSM-0278,Litoria dahlii,Moen et al. 2013,aquatic,m,49.34,83.74,8.356666667,6.505,0.886,2.870668,77.912431,1.507396,50.021444
DSM-0285,Litoria dahlii,Moen et al. 2013,aquatic,m,55.35,100.11,14.39666667,11.703,2.014,2.479898,62.700941,1.538514,42.270071
DSM-0294,Litoria inermis,Moen et al. 2013,terrestrial,f,33.03,59.22,3.143333333,2.429,0.404,2.739033,85.357753,1.201598,53.799002
DSM-0212,Litoria nasuta,Moen et al. 2013,terrestrial,m,37.51,75.86,3.896666667,2.926,0.524,3.317963,106.792041,1.600595,30.020929
DSM-0214,Litoria nasuta,Moen et al. 2013,terrestrial,m,38.67,80.14,4.386666667,3.506,0.746,3.623121,153.495491,1.618017,36.904657
DSM-0215,Litoria nasuta,Moen et al. 2013,terrestrial,m,38.09,76.21,4.353333333,3.433,0.812,4.140857,143.133413,1.572069,43.367337
DSM-0216,Litoria nasuta,Moen et al. 2013,terrestrial,m,38.8,78.23,4.5,3.428,0.798,4.143036,164.267116,2.027285,56.971396
DSM-0218,Litoria nasuta,Moen et al. 2013,terrestrial,m,38.79,86.06,4.345,3.206,0.732,4.112993,127.62115,1.901108,49.792275
DSM-0219,Litoria nasuta,Moen et al. 2013,terrestrial,m,34.82,72.57,3.276666667,2.224,0.434,3.807489,133.248482,1.898706,56.246853
DSM-0220,Litoria nasuta,Moen et al. 2013,terrestrial,m,36.19,77.17,3.86,2.884,0.602,3.919218,136.824044,1.825389,48.605325
DSM-0222,Litoria pallida,Moen et al. 2013,terrestrial,m,34.46,62.23,3.373333333,2.423,0.53,3.012977,96.707447,1.293058,35.711947
DSM-0276,Litoria pallida,Moen et al. 2013,terrestrial,m,36.25,68.72,3.83,3.345,0.658,4.1498,143.444399,1.713666,62.070495
DSM-0202,Litoria rothii,Moen et al. 2013,arboreal,f,46.81,81.15,5.71,4.452,0.572,3.137123,74.798233,1.614303,33.165636
DSM-0204,Litoria rothii,Moen et al. 2013,arboreal,m,43.22,74.42,4.546666667,3.481,0.532,3.656779,91.766162,1.195748,28.885016
DSM-0248,Litoria rothii,Moen et al. 2013,arboreal,m,43.04,74.48,4.486666667,3.388,0.474,3.648481,78.394796,1.168777,22.293219
DSM-0249,Litoria rothii,Moen et al. 2013,arboreal,m,45.99,78.47,5.6,4.416,0.632,3.429033,82.642783,1.628201,50.751384
DSM-0252,Litoria rothii,Moen et al. 2013,arboreal,f,46.88,83.18,8.156666667,6.327,0.818,3.055566,117.839807,1.302091,38.699603
DSM-0253,Litoria rothii,Moen et al. 2013,arboreal,m,45.18,77.29,5.82,4.428,0.59,3.227591,95.767161,1.235823,20.940531
DSM-0194,Litoria rubella,Moen et al. 2013,arboreal,m,29.4,40.82,1.6,1.11,0.138,2.197755,75.686377,1.036055,29.83287
DSM-0197,Litoria rubella,Moen et al. 2013,arboreal,m,31.96,42.03,1.69,1.3,0.14,2.032104,73.891012,0.822646,21.472516
DSM-0198,Litoria rubella,Moen et al. 2013,arboreal,f,30.22,42.47,1.736666667,1.11,0.096,2.066931,65.419574,0.895809,29.259934
DSM-0201,Litoria rubella,Moen et al. 2013,arboreal,m,30.11,41.32,1.473333333,0.932,0.12,2.000049,64.92659,0.862664,28.43734
DSM-0247,Litoria rubella,Moen et al. 2013,arboreal,m,30.91,40.56,1.773333333,1.118,0.138,2.361443,79.937194,0.92825,35.112079
DSM-0254,Litoria rubella,Moen et al. 2013,arboreal,m,30.02,41.82,1.57,1.001,0.114,2.140273,59.127917,0.89705,30.021313
DSM-0221,Litoria tornieri,Moen et al. 2013,terrestrial,f,30.24,60.9,2.133333333,1.623,0.282,2.807575,100.638929,1.675097,53.654147
DSM-0240,Litoria tornieri,Moen et al. 2013,terrestrial,m,29.86,58.7,2.283333333,1.685,0.334,3.091093,129.293848,1.640367,47.37587
DSM-0262,Litoria tornieri,Moen et al. 2013,terrestrial,m,31.08,60.83,2.72,1.574,0.256,3.336419,133.851508,1.982906,79.515061
DSM-0263,Litoria tornieri,Moen et al. 2013,terrestrial,m,30.43,56.82,1.863333333,1.274,0.186,3.258205,115.886582,1.541933,34.10485
DSM-0288,Litoria tornieri,Moen et al. 2013,terrestrial,m,30.33,58.98,2.49,1.887,0.356,3.354736,122.316483,1.382628,36.614516
DSM-0290,Litoria tornieri,Moen et al. 2013,terrestrial,m,30.58,58.39,2.326666667,1.838,0.368,2.894743,128.141171,1.857059,57.956249
DSM-0291,Litoria tornieri,Moen et al. 2013,terrestrial,m,31.16,60.53,2.4,1.78,0.336,3.05614,108.173136,1.658504,58.081731
DSM-0306,Litoria tornieri,Moen et al. 2013,terrestrial,m,32.22,61.42,2.56,2.078,0.386,3.304202,145.944814,1.834277,40.767987
USNM-341861,Lysapsus limellum,Moen et al. 2016,aquatic,m,17.94,34.39,NA,0.617,0.07,NA,NA,NA,NA
USNM-341867,Lysapsus limellum,Moen et al. 2016,aquatic,m,18.17,38.64,NA,0.556,0.106,NA,NA,NA,NA
USNM-341869,Lysapsus limellum,Moen et al. 2016,aquatic,m,18.08,39.03,NA,0.585,0.118,NA,NA,NA,NA
USNM-341873,Lysapsus limellum,Moen et al. 2016,aquatic,m,18.73,39.58,NA,0.566,0.11,NA,NA,NA,NA
USNM-341875,Lysapsus limellum,Moen et al. 2016,aquatic,m,19.29,39.73,NA,0.649,0.084,NA,NA,NA,NA
MCZ-A120090,Mantella baroni,Moen et al. 2016,terrestrial,m,26.42,39.34,NA,1.296,0.172,NA,NA,NA,NA
MCZ-A120232,Mantidactylus biporus,Moen et al. 2016,aquatic,m,24.97,38.94,NA,1.339,0.198,NA,NA,NA,NA
MCZ-A120233,Mantidactylus biporus,Moen et al. 2016,aquatic,m,26.82,41.93,NA,1.679,0.262,NA,NA,NA,NA
MCZ-A120270,Mantidactylus biporus,Moen et al. 2016,aquatic,m,25.04,39.73,NA,1.386,0.204,NA,NA,NA,NA
MCZ-A23881,Mantidactylus biporus,Moen et al. 2016,aquatic,m,27.63,42.36,NA,2.11,0.298,NA,NA,NA,NA
MCZ-A136211,Mantidactylus grandidieri,Moen et al. 2016,semi-aquatic,m,71.07,116.4,NA,31.085,5.57,NA,NA,NA,NA
MCZ-A119984,Mantidactylus guttulatus,Moen et al. 2016,semi-aquatic,m,107.95,170.94,NA,133.425,28.616,NA,NA,NA,NA
MCZ-A136625,Mantidactylus lugubris,Moen et al. 2016,torrential,m,31.19,55.44,NA,2.721,0.44,NA,NA,NA,NA
USNM-499327,Mantidactylus lugubris,Moen et al. 2016,torrential,m,27.62,52.03,NA,1.632,0.254,NA,NA,NA,NA
USNM-499328,Mantidactylus lugubris,Moen et al. 2016,torrential,m,28.11,54.16,NA,1.862,0.306,NA,NA,NA,NA
USNM-499499,Mantidactylus lugubris,Moen et al. 2016,torrential,m,28.46,50.35,NA,1.828,0.264,NA,NA,NA,NA
USNM-499502,Mantidactylus lugubris,Moen et al. 2016,torrential,m,27.8,52.08,NA,1.753,0.268,NA,NA,NA,NA
MCZ-A120026,Mantidactylus majori,Moen et al. 2016,terrestrial,m,45.01,72.91,NA,4.542,0.904,NA,NA,NA,NA
MCZ-A120070,Mantidactylus majori,Moen et al. 2016,terrestrial,m,42.38,70.2,NA,4.304,0.848,NA,NA,NA,NA
MCZ-A120071,Mantidactylus majori,Moen et al. 2016,terrestrial,m,41.67,67.49,NA,4.125,0.694,NA,NA,NA,NA
MCZ-A120182,Mantidactylus majori,Moen et al. 2016,terrestrial,m,44.29,71.23,NA,5.613,0.988,NA,NA,NA,NA
MCZ-A120183,Mantidactylus majori,Moen et al. 2016,terrestrial,m,43.01,69.01,NA,4.807,0.874,NA,NA,NA,NA
FMNH-139498,Megophrys nasuta,Moen et al. 2016,terrestrial,m,81.78,121.6,NA,39.965,4.276,NA,NA,NA,NA
FMNH-139500,Megophrys nasuta,Moen et al. 2016,terrestrial,m,82.78,127.39,NA,39.615,4.034,NA,NA,NA,NA
FMNH-145827,Megophrys nasuta,Moen et al. 2016,terrestrial,m,93.02,132.4,NA,53.247,5.204,NA,NA,NA,NA
FMNH-145829,Megophrys nasuta,Moen et al. 2016,terrestrial,m,87.03,125.01,NA,39.899,4.724,NA,NA,NA,NA
FMNH-148299,Megophrys nasuta,Moen et al. 2016,terrestrial,m,81.34,107.96,NA,33.926,2.486,NA,NA,NA,NA
FMNH-136213,Meristogenys poecilus,Moen et al. 2016,torrential,m,44.37,97.8,NA,5.839,1.21,NA,NA,NA,NA
FMNH-137418,Meristogenys poecilus,Moen et al. 2016,torrential,m,45.1,104.85,NA,6.487,1.524,NA,NA,NA,NA
FMNH-146798,Meristogenys poecilus,Moen et al. 2016,torrential,m,45.56,105.85,NA,7.111,1.604,NA,NA,NA,NA
FMNH-146805,Meristogenys poecilus,Moen et al. 2016,torrential,m,43.52,103.13,NA,6.718,1.47,NA,NA,NA,NA
FMNH-194827,Meristogenys poecilus,Moen et al. 2016,torrential,m,46.1,107.33,NA,6.928,1.302,NA,NA,NA,NA
FMNH-218331,Micrixalus fuscus,Moen et al. 2016,terrestrial,m,19.11,35.05,NA,0.4478,0.0808,NA,NA,NA,NA
FMNH-218353,Micrixalus fuscus,Moen et al. 2016,terrestrial,m,19.93,38.87,NA,0.5468,0.0864,NA,NA,NA,NA
FMNH-218375,Micrixalus fuscus,Moen et al. 2016,terrestrial,m,19.16,36.06,NA,0.4897,0.0826,NA,NA,NA,NA
FMNH-218379,Micrixalus fuscus,Moen et al. 2016,terrestrial,m,21.3,35.53,NA,0.5477,0.0874,NA,NA,NA,NA
FMNH-218380,Micrixalus fuscus,Moen et al. 2016,terrestrial,m,20.32,33.29,NA,0.5473,0.0784,NA,NA,NA,NA
KIZ-04161,Microhyla fissipes,Moen et al. 2013,terrestrial,m,22.04,36.98,1.05,0.6,0.08,2.760496,116.003027,1.050304,42.621728
KIZ-04163,Microhyla fissipes,Moen et al. 2013,terrestrial,m,23.92,40.73,1.3,0.77,0.12,2.334475,104.563201,1.281408,72.002564
KIZ-04175,Microhyla fissipes,Moen et al. 2013,terrestrial,m,23.78,41.34,1.12,0.75,0.12,1.865758,104.34681,1.122135,34.697246
KIZ-04184,Microhyla fissipes,Moen et al. 2013,terrestrial,m,24.31,43.23,1.43,0.95,0.14,2.895031,110.15621,1.042408,22.928514
KIZ-04194,Microhyla fissipes,Moen et al. 2013,terrestrial,m,24.06,41.34,1.4,0.77,0.08,2.684568,106.080353,1.050037,42.303765
KIZ-04129,Nanorana yunnanensis,Moen et al. 2013,semi-aquatic,f,52,96.42,14.16,11.85,1.98,NA,NA,1.081652,32.642735
KIZ-04138,Nanorana yunnanensis,Moen et al. 2013,semi-aquatic,f,74.94,141.24,53.61,44.8,9.38,2.675381,57.066229,2.034535,46.446486
KIZ-04153,Nanorana yunnanensis,Moen et al. 2013,semi-aquatic,m,93.66,157.03,116.79,104.91,15.24,NA,NA,0.889167,26.572782
FMNH-218206,Nyctibatrachus major,Moen et al. 2016,semi-aquatic,m,49.86,83.93,NA,15.0214,2.7224,NA,NA,NA,NA
FMNH-218212,Nyctibatrachus major,Moen et al. 2016,semi-aquatic,m,46.48,78.94,NA,11.8306,1.9652,NA,NA,NA,NA
FMNH-218226,Nyctibatrachus major,Moen et al. 2016,semi-aquatic,m,48.11,73.98,NA,12.1268,1.9044,NA,NA,NA,NA
FMNH-218232,Nyctibatrachus major,Moen et al. 2016,semi-aquatic,m,44.91,75.02,NA,9.9932,1.8412,NA,NA,NA,NA
FMNH-218239,Nyctibatrachus major,Moen et al. 2016,semi-aquatic,m,47.86,79.18,NA,13.6964,2.3044,NA,NA,NA,NA
FMNH-157596,Occidozyga baluensis,Moen et al. 2016,semi-aquatic,m,23.68,42.17,NA,1.265,0.236,NA,NA,NA,NA
FMNH-157612,Occidozyga baluensis,Moen et al. 2016,semi-aquatic,m,23.46,42.03,NA,1.307,0.24,NA,NA,NA,NA
FMNH-157628,Occidozyga baluensis,Moen et al. 2016,semi-aquatic,m,22.58,39.45,NA,1.218,0.246,NA,NA,NA,NA
FMNH-196768,Occidozyga baluensis,Moen et al. 2016,semi-aquatic,m,20.88,36.99,NA,0.912,0.158,NA,NA,NA,NA
FMNH-196781,Occidozyga baluensis,Moen et al. 2016,semi-aquatic,m,22.15,39.37,NA,1.054,0.2,NA,NA,NA,NA
KIZ-04135,Odorrana grahami,Moen et al. 2013,torrential,m,67.11,138.3,27.72,22.57,5,3.597991,68.527418,1.690762,30.868496
KIZ-04139,Odorrana grahami,Moen et al. 2013,torrential,m,64.49,135.06,27.35,22.51,4.72,3.439996,72.737138,2.283849,48.189887
KIZ-04145,Odorrana grahami,Moen et al. 2013,torrential,m,64.9,139,26.64,21.37,4.3,3.522842,76.136472,2.173253,33.368986
KIZ-04147,Odorrana grahami,Moen et al. 2013,torrential,m,62.5,128.93,25.03,20.89,4.32,3.552311,81.247863,2.275788,57.118443
KIZ-04185,Odorrana grahami,Moen et al. 2013,torrential,f,60.73,122.27,18.35,15.64,2.88,2.808498,75.797203,1.943905,52.204881
KIZ-04204,Odorrana grahami,Moen et al. 2013,torrential,m,67.66,139.66,29.12,24.38,5.24,3.269483,67.65172,1.950811,34.009973
FMNH-139318,Odorrana hosii,Moen et al. 2016,torrential,m,54.23,107.59,NA,9.891,2.14,NA,NA,NA,NA
FMNH-139341,Odorrana hosii,Moen et al. 2016,torrential,m,52.3,106.04,NA,8.171,1.612,NA,NA,NA,NA
FMNH-144461,Odorrana hosii,Moen et al. 2016,torrential,m,53.35,105.1,NA,8.685,1.658,NA,NA,NA,NA
FMNH-144486,Odorrana hosii,Moen et al. 2016,torrential,m,51.98,104.47,NA,8.921,1.794,NA,NA,NA,NA
USNM-342989,Oreobates cruralis,Moen et al. 2016,terrestrial,m,24.95,45.04,NA,0.905,0.136,NA,NA,NA,NA
USNM-342990,Oreobates cruralis,Moen et al. 2016,terrestrial,m,22.53,42.75,NA,0.775,0.118,NA,NA,NA,NA
USNM-342992,Oreobates cruralis,Moen et al. 2016,terrestrial,m,22.67,42.16,NA,0.756,0.134,NA,NA,NA,NA
USNM-343240,Oreobates cruralis,Moen et al. 2016,terrestrial,m,24.2,41.22,NA,0.771,0.144,NA,NA,NA,NA
DSM-0043,Oreobates quixensis,Moen et al. 2013,terrestrial,f,47.62,85.31,12.18333333,8.824,1.242,2.86413,69.233986,1.414072,25.691334
DSM-0126,Oreobates quixensis,Moen et al. 2013,terrestrial,f,43.56,79.79,7.496666667,6.245,1.18,2.875177,93.906871,1.018394,27.24822
DSM-0127,Oreobates quixensis,Moen et al. 2013,terrestrial,m,30.04,55.19,2.4433,1.917,0.332,2.496202,83.161173,1.163705,64.008298
DSM-0192,Oreobates quixensis,Moen et al. 2013,terrestrial,m,36.01,66.3,5.4733,4.707,0.82,2.625157,69.02104,1.09765,36.921096
DSM-0044,Osteocephalus planiceps,Moen et al. 2013,arboreal,m,48.06,82.38,5.025,4.036,0.656,3.550409,112.848779,2.00969,45.067904
DSM-0096,Osteocephalus planiceps,Moen et al. 2013,arboreal,f,73.34,129.23,19.95,16.5,3.278,4.047571,68.693692,1.979006,29.57962
DSM-0099,Osteocephalus planiceps,Moen et al. 2013,arboreal,m,78.19,140.72,21.63333333,18.003,3.596,3.66406,68.681397,1.560293,20.383457
DSM-0117,Osteocephalus planiceps,Moen et al. 2013,arboreal,f,63.81,113.5,10.86,9.888,1.736,3.483915,92.82849,1.494556,29.978773
DSM-0119,Osteocephalus planiceps,Moen et al. 2013,arboreal,f,79.6,136.74,29.47,27.907,4.394,3.350202,56.828803,1.508943,24.931266
DSM-0121,Osteocephalus planiceps,Moen et al. 2013,arboreal,m,65.64,115.61,14.99666667,12.738,2.318,3.575034,105.496339,0.988942,22.180819
USNM-222205,Osteocephalus taurinus,Moen et al. 2016,arboreal,m,75.21,125.01,NA,22.062,2.986,NA,NA,NA,NA
USNM-247614,Osteocephalus taurinus,Moen et al. 2016,arboreal,m,78.74,131.9,NA,25.715,3.224,NA,NA,NA,NA
USNM-342962,Osteocephalus taurinus,Moen et al. 2016,arboreal,m,78.27,132.25,NA,23.116,2.898,NA,NA,NA,NA
USNM-342963,Osteocephalus taurinus,Moen et al. 2016,arboreal,m,78.21,131.82,NA,23.518,2.738,NA,NA,NA,NA
USNM-342964,Osteocephalus taurinus,Moen et al. 2016,arboreal,m,75.47,126.75,NA,19.346,2.278,NA,NA,NA,NA
CM-52103,Pelobates cultripes,Moen et al. 2016,burrowing,NA,84.23,119.1,NA,76.995,6.766,NA,NA,NA,NA
CM-52105,Pelobates cultripes,Moen et al. 2016,burrowing,NA,64.76,92.22,NA,26.161,2.302,NA,NA,NA,NA
CM-52106,Pelobates cultripes,Moen et al. 2016,burrowing,NA,57.96,80.07,NA,14.107,1.27,NA,NA,NA,NA
CM-52643,Pelobates cultripes,Moen et al. 2016,burrowing,NA,88.79,125.95,NA,67.117,7.118,NA,NA,NA,NA
CM-54584,Pelobates cultripes,Moen et al. 2016,burrowing,NA,72.7,93.54,NA,31.563,3.072,NA,NA,NA,NA
CM-52109,Pelodytes ibericus,Moen et al. 2016,terrestrial,m,37.7,57.33,NA,3.669,0.452,NA,NA,NA,NA
CM-52110,Pelodytes ibericus,Moen et al. 2016,terrestrial,m,32.26,50.26,NA,2.153,0.258,NA,NA,NA,NA
CM-52111,Pelodytes ibericus,Moen et al. 2016,terrestrial,m,31.54,51.82,NA,1.964,0.244,NA,NA,NA,NA
CM-52115,Pelodytes ibericus,Moen et al. 2016,terrestrial,m,36.12,54.88,NA,2.732,0.358,NA,NA,NA,NA
CM-54702,Pelodytes ibericus,Moen et al. 2016,terrestrial,m,34.7,54.38,NA,2.168,0.352,NA,NA,NA,NA
CM-51034,Pelophylax perezi,Moen et al. 2016,semi-aquatic,m,64.35,115.65,NA,26.529,4.906,NA,NA,NA,NA
CM-51105,Pelophylax perezi,Moen et al. 2016,semi-aquatic,m,57.89,106.72,NA,14.662,2.728,NA,NA,NA,NA
CM-52491,Pelophylax perezi,Moen et al. 2016,semi-aquatic,m,66.05,127.44,NA,32.723,6.14,NA,NA,NA,NA
CM-53035,Pelophylax perezi,Moen et al. 2016,semi-aquatic,m,50.88,95.33,NA,11.216,4.114,NA,NA,NA,NA
CM-53145,Pelophylax perezi,Moen et al. 2016,semi-aquatic,m,56.71,97.29,NA,20.13,3.09,NA,NA,NA,NA
FMNH-137867,Philautus hosii,Moen et al. 2016,arboreal,m,47.25,88.14,NA,4.699,0.67,NA,NA,NA,NA
FMNH-137872,Philautus hosii,Moen et al. 2016,arboreal,m,45.04,82.51,NA,4.125,0.644,NA,NA,NA,NA
FMNH-137873,Philautus hosii,Moen et al. 2016,arboreal,m,45.92,81.99,NA,4.501,0.616,NA,NA,NA,NA
FMNH-137902,Philautus hosii,Moen et al. 2016,arboreal,m,45.99,89.41,NA,5.13,0.746,NA,NA,NA,NA
FMNH-145608,Philautus hosii,Moen et al. 2016,arboreal,m,45.94,81.62,NA,5.271,0.734,NA,NA,NA,NA
CAS-176949,Phlyctimantis verrucosus,Moen et al. 2016,terrestrial,m,50.52,75.96,NA,8.13,0.96,NA,NA,NA,NA
CAS-176951,Phlyctimantis verrucosus,Moen et al. 2016,terrestrial,m,46.98,71.73,NA,6.568,0.894,NA,NA,NA,NA
CAS-176956,Phlyctimantis verrucosus,Moen et al. 2016,terrestrial,m,46.61,73.54,NA,7.508,0.898,NA,NA,NA,NA
CAS-176960,Phlyctimantis verrucosus,Moen et al. 2016,terrestrial,m,48.04,73.79,NA,7.573,0.764,NA,NA,NA,NA
CAS-176966,Phlyctimantis verrucosus,Moen et al. 2016,terrestrial,m,49.85,73.31,NA,8.288,0.958,NA,NA,NA,NA
CAS-202131,Phrynobatrachus dendrobates,Moen et al. 2016,arboreal,m,25.43,49.47,NA,1.451,0.178,NA,NA,NA,NA
CAS-202232,Phrynobatrachus dendrobates,Moen et al. 2016,arboreal,m,25.22,46.61,NA,1.278,0.126,NA,NA,NA,NA
CAS-202233,Phrynobatrachus dendrobates,Moen et al. 2016,arboreal,m,26.22,52.44,NA,1.502,0.21,NA,NA,NA,NA
CAS-202235,Phrynobatrachus dendrobates,Moen et al. 2016,arboreal,m,26.49,54.97,NA,1.447,0.164,NA,NA,NA,NA
CAS-202236,Phrynobatrachus dendrobates,Moen et al. 2016,arboreal,m,26.91,53.45,NA,1.425,0.194,NA,NA,NA,NA
CAS-180642,Phrynobatrachus versicolor,Moen et al. 2016,terrestrial,m,30.72,54.48,NA,2.637,0.37,NA,NA,NA,NA
CAS-180654,Phrynobatrachus versicolor,Moen et al. 2016,terrestrial,m,30.06,53.88,NA,2.534,0.454,NA,NA,NA,NA
CAS-202119,Phrynobatrachus versicolor,Moen et al. 2016,terrestrial,m,29.89,56.34,NA,2.584,0.452,NA,NA,NA,NA
CAS-202123,Phrynobatrachus versicolor,Moen et al. 2016,terrestrial,m,27.5,51.12,NA,1.94,0.352,NA,NA,NA,NA
CAS-202125,Phrynobatrachus versicolor,Moen et al. 2016,terrestrial,m,27.69,54.17,NA,2.161,0.388,NA,NA,NA,NA
FMNH-137749,Phrynoidis aspera,Moen et al. 2016,terrestrial,m,83.31,138.96,NA,57.3195,8.2386,NA,NA,NA,NA
FMNH-137789,Phrynoidis aspera,Moen et al. 2016,terrestrial,m,74.28,126.53,NA,39.3162,5.6938,NA,NA,NA,NA
FMNH-137836,Phrynoidis aspera,Moen et al. 2016,terrestrial,m,72.29,123.85,NA,35.8088,5.2798,NA,NA,NA,NA
FMNH-144377,Phrynoidis aspera,Moen et al. 2016,terrestrial,m,74.96,125.1,NA,33.8154,4.3892,NA,NA,NA,NA
FMNH-144390,Phrynoidis aspera,Moen et al. 2016,terrestrial,m,80.88,140.71,NA,41.5835,5.9218,NA,NA,NA,NA
USNM-222219,Phyllomedusa palliata,Moen et al. 2016,arboreal,m,38.28,60.26,NA,2.754,0.146,NA,NA,NA,NA
USNM-222220,Phyllomedusa palliata,Moen et al. 2016,arboreal,m,37.27,58.99,NA,2.708,0.146,NA,NA,NA,NA
USNM-222227,Phyllomedusa palliata,Moen et al. 2016,arboreal,m,37.38,59.63,NA,2.61,0.142,NA,NA,NA,NA
USNM-222230,Phyllomedusa palliata,Moen et al. 2016,arboreal,m,38.27,58.79,NA,2.774,0.142,NA,NA,NA,NA
USNM-222234,Phyllomedusa palliata,Moen et al. 2016,arboreal,m,37.52,56.09,NA,2.334,0.114,NA,NA,NA,NA
USNM-343026,Phyllomedusa tomopterna,Moen et al. 2016,arboreal,m,40.13,63.34,NA,2.028,0.118,NA,NA,NA,NA
USNM-343028,Phyllomedusa tomopterna,Moen et al. 2016,arboreal,m,40.18,62.69,NA,1.911,0.108,NA,NA,NA,NA
USNM-343029,Phyllomedusa tomopterna,Moen et al. 2016,arboreal,m,45.93,69.16,NA,3.151,0.158,NA,NA,NA,NA
USNM-343278,Phyllomedusa tomopterna,Moen et al. 2016,arboreal,m,45.27,74.32,NA,3.789,0.206,NA,NA,NA,NA
USNM-343279,Phyllomedusa tomopterna,Moen et al. 2016,arboreal,m,41.64,68.98,NA,3.027,0.182,NA,NA,NA,NA
USNM-243689,Physalaemus cuvieri,Moen et al. 2016,terrestrial,m,27.59,45.4,NA,1.245,0.154,NA,NA,NA,NA
USNM-243691,Physalaemus cuvieri,Moen et al. 2016,terrestrial,m,29.91,46.52,NA,1.288,0.184,NA,NA,NA,NA
USNM-243692,Physalaemus cuvieri,Moen et al. 2016,terrestrial,m,27.96,45.52,NA,1.274,0.176,NA,NA,NA,NA
USNM-243704,Physalaemus cuvieri,Moen et al. 2016,terrestrial,m,28.28,45.64,NA,1.199,0.15,NA,NA,NA,NA
USNM-243710,Physalaemus cuvieri,Moen et al. 2016,terrestrial,m,27.44,43.35,NA,1.801,0.156,NA,NA,NA,NA
USNM-209256,Physalaemus maculiventris,Moen et al. 2016,terrestrial,m,20.33,35.64,NA,0.684,0.048,NA,NA,NA,NA
USNM-209257,Physalaemus maculiventris,Moen et al. 2016,terrestrial,m,22.59,38.91,NA,0.958,0.074,NA,NA,NA,NA
USNM-209267,Physalaemus maculiventris,Moen et al. 2016,terrestrial,m,20.05,36.44,NA,0.88,0.072,NA,NA,NA,NA
USNM-209271,Physalaemus maculiventris,Moen et al. 2016,terrestrial,m,20.8,35.4,NA,0.889,0.076,NA,NA,NA,NA
USNM-209285,Physalaemus maculiventris,Moen et al. 2016,terrestrial,m,21.39,37.77,NA,0.993,0.066,NA,NA,NA,NA
MCZ-A136201,Platypelis tuberifera,Moen et al. 2016,arboreal,m,29.28,43.69,NA,1.279,0.146,NA,NA,NA,NA
DSM-0224,Platyplectrum ornatum,Moen et al. 2013,burrowing,m,35.68,57.68,5.873333333,4.459,0.598,1.988145,75.155959,0.930592,21.676457
DSM-0225,Platyplectrum ornatum,Moen et al. 2013,burrowing,m,35.4,58.16,5.423333333,4.441,0.598,2.041044,74.67931,0.936345,27.765909
DSM-0295,Platyplectrum ornatum,Moen et al. 2013,burrowing,f,29.92,51.24,3.09,2.457,0.378,2.521131,98.558947,0.874604,25.291764
DSM-0296,Platyplectrum ornatum,Moen et al. 2013,burrowing,f,30.29,49.52,3.09,2.21,0.324,2.121394,58.648226,0.934892,32.595792
DSM-0297,Platyplectrum ornatum,Moen et al. 2013,burrowing,f,26.27,40.47,1.88,1.359,0.204,1.929136,92.438996,1.081422,51.472705
DSM-0300,Platyplectrum ornatum,Moen et al. 2013,burrowing,m,27.75,44.16,2.353333333,1.507,0.196,2.14263,89.613547,0.775739,15.545294
KU-190247,Plectrohyla quecchi,Moen et al. 2016,torrential,m,39.83,71.81,NA,4.811,0.5,NA,NA,NA,NA
KU-190248,Plectrohyla quecchi,Moen et al. 2016,torrential,m,34.74,64.53,NA,4.164,0.376,NA,NA,NA,NA
KU-190249,Plectrohyla quecchi,Moen et al. 2016,torrential,m,35.28,62.09,NA,3.962,0.288,NA,NA,NA,NA
KU-190255,Plectrohyla quecchi,Moen et al. 2016,torrential,m,38.15,68.53,NA,4.247,0.434,NA,NA,NA,NA
KU-190256,Plectrohyla quecchi,Moen et al. 2016,torrential,m,38.99,68.17,NA,3.742,0.324,NA,NA,NA,NA
MCZ-A136262,Plethodontohyla notosticta,Moen et al. 2016,arboreal,m,37.23,53.51,NA,3.445,0.382,NA,NA,NA,NA
FMNH-137884,Polypedates macrotis,Moen et al. 2016,arboreal,m,61.22,105.02,NA,9.017,1.488,NA,NA,NA,NA
FMNH-137936,Polypedates macrotis,Moen et al. 2016,arboreal,m,55.91,100.83,NA,7.68,1.212,NA,NA,NA,NA
FMNH-137937,Polypedates macrotis,Moen et al. 2016,arboreal,m,56.9,106.03,NA,8.658,1.426,NA,NA,NA,NA
FMNH-139370,Polypedates macrotis,Moen et al. 2016,arboreal,m,56.55,104.42,NA,9.323,1.392,NA,NA,NA,NA
FMNH-139371,Polypedates macrotis,Moen et al. 2016,arboreal,m,61.34,110.32,NA,10.335,1.386,NA,NA,NA,NA
USNM-247304,Pristimantis fenestratus,Moen et al. 2016,arboreal,m,30.63,57.41,NA,1.904,0.276,NA,NA,NA,NA
USNM-247631,Pristimantis fenestratus,Moen et al. 2016,arboreal,m,26.29,50.52,NA,1.084,0.148,NA,NA,NA,NA
USNM-298796,Pristimantis fenestratus,Moen et al. 2016,arboreal,m,33.7,58.8,NA,1.744,0.246,NA,NA,NA,NA
USNM-298875,Pristimantis fenestratus,Moen et al. 2016,arboreal,m,30.78,54.56,NA,1.683,0.258,NA,NA,NA,NA
USNM-247305,Pristimantis reichlei,Moen et al. 2016,arboreal,m,24.83,49.07,NA,0.944,0.162,NA,NA,NA,NA
USNM-247306,Pristimantis reichlei,Moen et al. 2016,arboreal,m,24.65,49.16,NA,1.196,0.162,NA,NA,NA,NA
USNM-268950,Pristimantis reichlei,Moen et al. 2016,arboreal,m,27.32,52.01,NA,1.146,0.178,NA,NA,NA,NA
USNM-268952,Pristimantis reichlei,Moen et al. 2016,arboreal,m,26.14,55.83,NA,1.24,0.19,NA,NA,NA,NA
USNM-268953,Pristimantis reichlei,Moen et al. 2016,arboreal,m,27.66,57.29,NA,1.371,0.188,NA,NA,NA,NA
USNM-209306,Proceratophrys melanopogon,Moen et al. 2016,terrestrial,m,23.84,32.11,NA,1.429,0.042,NA,NA,NA,NA
USNM-209310,Proceratophrys melanopogon,Moen et al. 2016,terrestrial,m,22.89,31.03,NA,1.071,0.034,NA,NA,NA,NA
USNM-209313,Proceratophrys melanopogon,Moen et al. 2016,terrestrial,m,22.5,30.54,NA,1.243,0.04,NA,NA,NA,NA
USNM-209314,Proceratophrys melanopogon,Moen et al. 2016,terrestrial,m,26.61,34.34,NA,1.51,0.042,NA,NA,NA,NA
USNM-209315,Proceratophrys melanopogon,Moen et al. 2016,terrestrial,m,24.89,34.48,NA,1.64,0.056,NA,NA,NA,NA
USNM-534400,Pseudacris brimleyi,Moen et al. 2016,terrestrial,m,26.13,42.04,NA,1.217,0.1,NA,NA,NA,NA
USNM-534406,Pseudacris brimleyi,Moen et al. 2016,terrestrial,m,29.19,45.77,NA,1.818,0.178,NA,NA,NA,NA
USNM-534429,Pseudacris brimleyi,Moen et al. 2016,terrestrial,m,28.27,45.02,NA,1.703,0.13,NA,NA,NA,NA
USNM-534431,Pseudacris brimleyi,Moen et al. 2016,terrestrial,m,26.82,41.49,NA,1.281,0.116,NA,NA,NA,NA
USNM-534435,Pseudacris brimleyi,Moen et al. 2016,terrestrial,m,27.6,40.74,NA,1.504,0.12,NA,NA,NA,NA
USNM-534844,Pseudacris crucifer,Moen et al. 2016,arboreal,m,27.67,44.11,NA,1.682,0.164,NA,NA,NA,NA
USNM-534847,Pseudacris crucifer,Moen et al. 2016,arboreal,m,28.66,41.88,NA,1.745,0.134,NA,NA,NA,NA
USNM-534853,Pseudacris crucifer,Moen et al. 2016,arboreal,m,29.43,43.37,NA,1.99,0.188,NA,NA,NA,NA
USNM-534855,Pseudacris crucifer,Moen et al. 2016,arboreal,m,28.77,40.49,NA,1.893,0.166,NA,NA,NA,NA
USNM-534861,Pseudacris crucifer,Moen et al. 2016,arboreal,m,27.73,40.18,NA,1.727,0.136,NA,NA,NA,NA
USNM-98175,Pseudis bolbodactyla,Moen et al. 2016,aquatic,m,39.73,81.07,NA,7.182,1.566,NA,NA,NA,NA
USNM-98179,Pseudis bolbodactyla,Moen et al. 2016,aquatic,m,41.61,87.87,NA,11.163,2.568,NA,NA,NA,NA
USNM-98190,Pseudis bolbodactyla,Moen et al. 2016,aquatic,m,40.68,80.51,NA,7.66,1.84,NA,NA,NA,NA
USNM-98191,Pseudis bolbodactyla,Moen et al. 2016,aquatic,m,39.45,79.41,NA,6.595,1.446,NA,NA,NA,NA
USNM-98202,Pseudis bolbodactyla,Moen et al. 2016,aquatic,m,40.65,85.75,NA,8.972,1.984,NA,NA,NA,NA
USNM-302984,Pseudis paradoxa,Moen et al. 2016,aquatic,m,46.65,101.12,NA,16.324,3.004,NA,NA,NA,NA
USNM-302985,Pseudis paradoxa,Moen et al. 2016,aquatic,m,57.08,121.65,NA,32.357,6.004,NA,NA,NA,NA
USNM-302986,Pseudis paradoxa,Moen et al. 2016,aquatic,m,52.06,104.76,NA,24.066,4.396,NA,NA,NA,NA
USNM-302987,Pseudis paradoxa,Moen et al. 2016,aquatic,m,48.42,97.49,NA,18.573,3.512,NA,NA,NA,NA
USNM-341878,Pseudis paradoxa,Moen et al. 2016,aquatic,m,50.32,92.43,NA,15.858,3.072,NA,NA,NA,NA
FMNH-218111,Pseudophilautus femoralis,Moen et al. 2016,arboreal,m,19.81,32.67,NA,0.4384,0.0296,NA,NA,NA,NA
FMNH-218112,Pseudophilautus femoralis,Moen et al. 2016,arboreal,m,20.62,34.15,NA,0.4617,0.0354,NA,NA,NA,NA
FMNH-218113,Pseudophilautus femoralis,Moen et al. 2016,arboreal,m,22.54,33.8,NA,0.5346,0.0384,NA,NA,NA,NA
FMNH-218115,Pseudophilautus femoralis,Moen et al. 2016,arboreal,m,23.38,36.05,NA,0.6235,0.0476,NA,NA,NA,NA
FMNH-218116,Pseudophilautus femoralis,Moen et al. 2016,arboreal,f,23.17,37.04,NA,0.7988,0.052,NA,NA,NA,NA
CAS-176978,Ptychadena chrysogaster,Moen et al. 2016,terrestrial,m,44.62,101.42,NA,9.325,2.266,NA,NA,NA,NA
CAS-176982,Ptychadena chrysogaster,Moen et al. 2016,terrestrial,m,44.01,93.31,NA,8.33,1.894,NA,NA,NA,NA
CAS-176983,Ptychadena chrysogaster,Moen et al. 2016,terrestrial,m,47.19,105.88,NA,9.238,2.336,NA,NA,NA,NA
MCZ-A120123,Ptychadena mascareniensis,Moen et al. 2016,semi-aquatic,m,33.62,63.26,NA,3.759,0.538,NA,NA,NA,NA
MCZ-A120138,Ptychadena mascareniensis,Moen et al. 2016,semi-aquatic,m,36.39,69.35,NA,4.986,1.026,NA,NA,NA,NA
KU-186480,Ptychohyla hypomykter,Moen et al. 2016,arboreal,m,36.86,60.93,NA,3.03,0.328,NA,NA,NA,NA
KU-190309,Ptychohyla hypomykter,Moen et al. 2016,arboreal,m,32.37,56.19,NA,1.951,0.246,NA,NA,NA,NA
KU-190310,Ptychohyla hypomykter,Moen et al. 2016,arboreal,m,32.84,56.46,NA,2.131,0.266,NA,NA,NA,NA
KU-190311,Ptychohyla hypomykter,Moen et al. 2016,arboreal,m,31.18,52.45,NA,1.899,0.228,NA,NA,NA,NA
KU-190313,Ptychohyla hypomykter,Moen et al. 2016,arboreal,m,36.42,61.45,NA,2.443,0.318,NA,NA,NA,NA
KU-186680,Rana berlandieri,Moen et al. 2016,semi-aquatic,m,58.63,116.81,NA,20.114,3.64,NA,NA,NA,NA
KU-190446,Rana berlandieri,Moen et al. 2016,semi-aquatic,m,64.19,127.35,NA,28.457,5.82,NA,NA,NA,NA
KU-190447,Rana berlandieri,Moen et al. 2016,semi-aquatic,m,63.58,128.46,NA,24.547,5.672,NA,NA,NA,NA
KU-190449,Rana berlandieri,Moen et al. 2016,semi-aquatic,m,53.74,100.93,NA,13.865,2.456,NA,NA,NA,NA
KU-190450,Rana berlandieri,Moen et al. 2016,semi-aquatic,m,60.73,109.29,NA,21.525,4.028,NA,NA,NA,NA
USNM-230366,Rana catesbeiana,Moen et al. 2016,semi-aquatic,m,94.91,152.57,NA,74.161,13.106,NA,NA,NA,NA
USNM-292158,Rana catesbeiana,Moen et al. 2016,semi-aquatic,m,92.89,157.78,NA,67.686,11.12,NA,NA,NA,NA
USNM-536602,Rana catesbeiana,Moen et al. 2016,semi-aquatic,m,88.88,140.22,NA,56.416,11.686,NA,NA,NA,NA
USNM-536604,Rana catesbeiana,Moen et al. 2016,semi-aquatic,m,91.78,143.89,NA,66.936,11.556,NA,NA,NA,NA
USNM-536618,Rana catesbeiana,Moen et al. 2016,semi-aquatic,m,83.71,128.4,NA,50.775,6.028,NA,NA,NA,NA
USNM-514955,Rana clamitans,Moen et al. 2016,semi-aquatic,m,60.62,100.79,NA,20.045,3.058,NA,NA,NA,NA
USNM-514956,Rana clamitans,Moen et al. 2016,semi-aquatic,m,62.11,100.95,NA,18.972,2.594,NA,NA,NA,NA
USNM-514971,Rana clamitans,Moen et al. 2016,semi-aquatic,m,68.79,109.57,NA,31.262,4.238,NA,NA,NA,NA
USNM-537178,Rana clamitans,Moen et al. 2016,semi-aquatic,m,59.05,97.26,NA,16.786,2.382,NA,NA,NA,NA
USNM-537200,Rana clamitans,Moen et al. 2016,semi-aquatic,m,75.86,127.34,NA,42.552,6.64,NA,NA,NA,NA
USNM-514988,Rana palustris,Moen et al. 2016,semi-aquatic,m,47.68,84.81,NA,7.896,1.318,NA,NA,NA,NA
USNM-515001,Rana palustris,Moen et al. 2016,semi-aquatic,m,45.05,83.57,NA,6.749,0.962,NA,NA,NA,NA
USNM-515003,Rana palustris,Moen et al. 2016,semi-aquatic,m,42.1,80.68,NA,6.309,0.758,NA,NA,NA,NA
USNM-515007,Rana palustris,Moen et al. 2016,semi-aquatic,m,43.49,81.25,NA,7.146,1.09,NA,NA,NA,NA
USNM-515008,Rana palustris,Moen et al. 2016,semi-aquatic,m,44.2,79.03,NA,6.508,0.938,NA,NA,NA,NA
USNM-538949,Rana sphenocephala,Moen et al. 2016,semi-aquatic,m,62.36,118.91,NA,26.01,4.938,NA,NA,NA,NA
USNM-538953,Rana sphenocephala,Moen et al. 2016,semi-aquatic,m,59.91,109.52,NA,21.393,4.106,NA,NA,NA,NA
USNM-538962,Rana sphenocephala,Moen et al. 2016,semi-aquatic,m,55.77,99.59,NA,17.36,3.084,NA,NA,NA,NA
USNM-538963,Rana sphenocephala,Moen et al. 2016,semi-aquatic,m,57.6,96.5,NA,16.627,2.412,NA,NA,NA,NA
USNM-538970,Rana sphenocephala,Moen et al. 2016,semi-aquatic,m,59.01,110.91,NA,20.488,3.83,NA,NA,NA,NA
FMNH-218102,Raorchestes charius,Moen et al. 2016,terrestrial,f,21.34,36.18,NA,0.59,0.061,NA,NA,NA,NA
FMNH-218105,Raorchestes charius,Moen et al. 2016,terrestrial,m,17.31,28.69,NA,0.2288,0.0252,NA,NA,NA,NA
FMNH-218106,Raorchestes charius,Moen et al. 2016,terrestrial,f,20.67,32.11,NA,0.5238,0.0398,NA,NA,NA,NA
FMNH-218107,Raorchestes charius,Moen et al. 2016,terrestrial,m,18.08,27.91,NA,0.2894,0.0306,NA,NA,NA,NA
FMNH-139356,Rentapia hosii,Moen et al. 2016,arboreal,m,71.69,109.72,NA,24.6763,1.647,NA,NA,NA,NA
FMNH-139357,Rentapia hosii,Moen et al. 2016,arboreal,m,69.24,111.49,NA,24.874,1.7906,NA,NA,NA,NA
FMNH-145641,Rentapia hosii,Moen et al. 2016,arboreal,m,75.7,120.74,NA,29.6284,3.1746,NA,NA,NA,NA
FMNH-145645,Rentapia hosii,Moen et al. 2016,arboreal,m,70.18,118.2,NA,23.0491,2.115,NA,NA,NA,NA
FMNH-145647,Rentapia hosii,Moen et al. 2016,arboreal,m,65.85,108.89,NA,18.8661,1.7614,NA,NA,NA,NA
FMNH-218143,Rentapia tuberculosus,Moen et al. 2016,arboreal,f,37.41,48.8,NA,1.9195,0.1076,NA,NA,NA,NA
FMNH-218144,Rentapia tuberculosus,Moen et al. 2016,arboreal,f,38.86,54.6,NA,2.8266,0.1574,NA,NA,NA,NA
KIZ-04102,Rhacophorus dugritei,Moen et al. 2013,terrestrial,m,42.64,61.67,5.07,3.66,0.26,1.813203,28.053031,0.424031,9.292652
KIZ-04104,Rhacophorus dugritei,Moen et al. 2013,terrestrial,m,38.71,61.8,3.81,2.91,0.32,1.657449,35.045773,0.692611,18.747881
KIZ-04168,Rhacophorus dugritei,Moen et al. 2013,terrestrial,f,43.1,64.66,4.93,3.7,0.26,1.784126,42.244708,0.815494,23.270605
KIZ-04176,Rhacophorus dugritei,Moen et al. 2013,terrestrial,f,35.85,59.26,3.27,2.15,0.12,1.687451,33.928559,0.757662,18.46617
KIZ-04201,Rhacophorus dugritei,Moen et al. 2013,terrestrial,m,38.05,57.76,4.17,2.84,0.22,1.704576,38.671731,1.162217,30.890393
FMNH-137942,Rhacophorus harrissoni,Moen et al. 2016,arboreal,m,50.36,89.26,NA,6.593,0.92,NA,NA,NA,NA
FMNH-137946,Rhacophorus harrissoni,Moen et al. 2016,arboreal,m,54.19,95.38,NA,7.838,1.07,NA,NA,NA,NA
FMNH-137948,Rhacophorus harrissoni,Moen et al. 2016,arboreal,m,52.62,87.18,NA,7.269,0.92,NA,NA,NA,NA
FMNH-217715,Rhacophorus malabaricus,Moen et al. 2016,arboreal,m,62.55,101.8,NA,7.6285,0.804,NA,NA,NA,NA
FMNH-217716,Rhacophorus malabaricus,Moen et al. 2016,arboreal,m,73.67,120.12,NA,12.3962,1.2782,NA,NA,NA,NA
FMNH-217717,Rhacophorus malabaricus,Moen et al. 2016,arboreal,m,72.8,126.52,NA,12.158,1.369,NA,NA,NA,NA
FMNH-230904,Rhacophorus nigropalmatus,Moen et al. 2016,arboreal,m,88.38,162.61,NA,27.32,3.722,NA,NA,NA,NA
FMNH-230906,Rhacophorus nigropalmatus,Moen et al. 2016,arboreal,m,87.98,157.18,NA,25.723,3.052,NA,NA,NA,NA
FMNH-230908,Rhacophorus nigropalmatus,Moen et al. 2016,arboreal,m,91.1,164.71,NA,24.267,3.596,NA,NA,NA,NA
FMNH-230909,Rhacophorus nigropalmatus,Moen et al. 2016,arboreal,m,88.42,161.97,NA,27.196,3.128,NA,NA,NA,NA
FMNH-245934,Rhacophorus nigropalmatus,Moen et al. 2016,arboreal,m,81.61,158.76,NA,23.317,3.41,NA,NA,NA,NA
FMNH-145331,Rhacophorus pardalis,Moen et al. 2016,arboreal,m,58.28,106.27,NA,7.469,1.038,NA,NA,NA,NA
FMNH-145348,Rhacophorus pardalis,Moen et al. 2016,arboreal,m,54.27,102.57,NA,6.208,0.854,NA,NA,NA,NA
FMNH-145352,Rhacophorus pardalis,Moen et al. 2016,arboreal,m,52.6,96.52,NA,6.199,0.898,NA,NA,NA,NA
FMNH-146215,Rhacophorus pardalis,Moen et al. 2016,arboreal,m,54.93,94.53,NA,7.673,0.986,NA,NA,NA,NA
FMNH-146216,Rhacophorus pardalis,Moen et al. 2016,arboreal,m,55.83,99.99,NA,6.347,0.778,NA,NA,NA,NA
KIZ-04130,Rhacophorus rhodopus,Moen et al. 2013,arboreal,m,35.34,56.69,1.9,1.67,0.08,1.814836,38.816059,1.032513,21.084336
KIZ-04131,Rhacophorus rhodopus,Moen et al. 2013,arboreal,m,36.43,55.79,2.45,1.99,0.12,1.658924,31.541102,0.707555,17.506193
KIZ-04149,Rhacophorus rhodopus,Moen et al. 2013,arboreal,m,35.45,58.21,2.54,1.4,0.06,2.585222,49.410538,0.811396,16.870797
KIZ-04166,Rhacophorus rhodopus,Moen et al. 2013,arboreal,f,34.31,56.9,2.2,1.42,0.12,1.977963,42.492224,0.914429,24.447436
KIZ-04181,Rhacophorus rhodopus,Moen et al. 2013,arboreal,m,35.06,54.39,2.49,1.68,0.1,2.159466,49.761436,0.876265,24.147417
KIZ-04186,Rhacophorus rhodopus,Moen et al. 2013,arboreal,f,34.63,57.05,2.03,1.46,0.08,1.952744,46.096377,0.938556,24.110033
USNM-207679,Rhinella icterica,Moen et al. 2016,terrestrial,m,112.35,179.52,NA,156.552,10.824,NA,NA,NA,NA
USNM-208695,Rhinella icterica,Moen et al. 2016,terrestrial,m,124.21,173.93,NA,205.361,13.834,NA,NA,NA,NA
USNM-208700,Rhinella icterica,Moen et al. 2016,terrestrial,m,136.7,194.4,NA,270.977,20.39,NA,NA,NA,NA
DSM-0041,Rhinella margaritifera,Moen et al. 2013,terrestrial,m,52.99,80.51,12.30333333,9.573,1.092,1.91802,40.203565,0.621363,14.963849
DSM-0042,Rhinella margaritifera,Moen et al. 2013,terrestrial,f,51.35,77.94,13.33,9.15,0.794,1.861402,35.853471,0.401191,6.448756
DSM-0089,Rhinella margaritifera,Moen et al. 2013,terrestrial,m,52.45,74.32,10.48,9.825,1.018,1.795928,40.788042,0.489673,8.465402
DSM-0090,Rhinella margaritifera,Moen et al. 2013,terrestrial,m,52.11,76.91,10.68333333,10.301,1.004,1.517416,25.921682,0.518279,5.792579
DSM-0091,Rhinella margaritifera,Moen et al. 2013,terrestrial,m,50.35,78,10.83333333,9.822,1.084,1.519987,37.286025,0.528649,6.002963
DSM-0093,Rhinella margaritifera,Moen et al. 2013,terrestrial,m,50.14,74.91,10.41333333,8.96,0.878,1.74174,35.15959,0.485977,9.739349
DSM-0095,Rhinella margaritifera,Moen et al. 2013,terrestrial,m,54.31,78.74,13.70666667,12.219,1.276,1.704811,31.016131,0.636085,7.693463
USNM-247058,Rhinella margaritifera,Moen et al. 2016,terrestrial,m,37,49.86,NA,3.806,0.2,NA,NA,NA,NA
USNM-247059,Rhinella margaritifera,Moen et al. 2016,terrestrial,m,36.09,49.67,NA,2.256,0.152,NA,NA,NA,NA
USNM-247060,Rhinella margaritifera,Moen et al. 2016,terrestrial,m,36.52,52.29,NA,3.121,0.17,NA,NA,NA,NA
USNM-284250,Rhinella margaritifera,Moen et al. 2016,terrestrial,m,35.3,51.94,NA,4.506,0.24,NA,NA,NA,NA
USNM-222138,Rhinella poeppigii,Moen et al. 2016,terrestrial,m,96.21,144.7,NA,116.91,9.49,NA,NA,NA,NA
USNM-247026,Rhinella poeppigii,Moen et al. 2016,terrestrial,m,97.42,157.78,NA,88.723,7.45,NA,NA,NA,NA
USNM-268821,Rhinella poeppigii,Moen et al. 2016,terrestrial,m,93.77,142.26,NA,88.463,7.554,NA,NA,NA,NA
DSM-0098,Rhinella proboscidea,Moen et al. 2013,terrestrial,m,50.63,75.9,9.276666667,9.916,0.922,1.434927,29.123609,0.569443,10.885027
DSM-0108,Rhinella proboscidea,Moen et al. 2013,terrestrial,m,31.48,44.68,2.47,1.939,0.144,1.238604,26.996497,0.349418,7.356948
MCZ-A120109,Scaphiophryne marmorata,Moen et al. 2016,terrestrial,m,43.99,69.36,NA,6.488,0.666,NA,NA,NA,NA
USNM-529893,Scaphiopus holbrookii,Moen et al. 2016,burrowing,m,62.62,81.81,NA,27.153,2.694,NA,NA,NA,NA
USNM-529901,Scaphiopus holbrookii,Moen et al. 2016,burrowing,m,64.95,82.83,NA,29.699,2.492,NA,NA,NA,NA
USNM-529903,Scaphiopus holbrookii,Moen et al. 2016,burrowing,m,67.38,87.18,NA,34.886,3.142,NA,NA,NA,NA
USNM-529910,Scaphiopus holbrookii,Moen et al. 2016,burrowing,m,62.34,77,NA,27.239,2.466,NA,NA,NA,NA
USNM-529913,Scaphiopus holbrookii,Moen et al. 2016,burrowing,m,57.73,74.45,NA,24.748,2.046,NA,NA,NA,NA
USNM-209006,Scinax crospedospilus,Moen et al. 2016,arboreal,m,31.46,52.31,NA,1.718,0.162,NA,NA,NA,NA
USNM-209016,Scinax crospedospilus,Moen et al. 2016,arboreal,m,30.45,49.22,NA,1.544,0.16,NA,NA,NA,NA
USNM-243622,Scinax crospedospilus,Moen et al. 2016,arboreal,m,31.02,49.76,NA,1.183,0.158,NA,NA,NA,NA
USNM-243628,Scinax crospedospilus,Moen et al. 2016,arboreal,m,31.06,49.24,NA,1.313,0.166,NA,NA,NA,NA
USNM-243637,Scinax crospedospilus,Moen et al. 2016,arboreal,m,31.67,52.39,NA,1.421,0.158,NA,NA,NA,NA
USNM-247216,Scinax garbei,Moen et al. 2016,arboreal,m,38.87,67.31,NA,2.645,0.442,NA,NA,NA,NA
USNM-268906,Scinax garbei,Moen et al. 2016,arboreal,m,32.99,65.14,NA,1.895,0.206,NA,NA,NA,NA
USNM-346331,Scinax garbei,Moen et al. 2016,arboreal,m,35.61,67.33,NA,2.242,0.294,NA,NA,NA,NA
USNM-537709,Scinax garbei,Moen et al. 2016,arboreal,m,37.44,65.78,NA,2.311,0.324,NA,NA,NA,NA
USNM-537710,Scinax garbei,Moen et al. 2016,arboreal,m,39.04,70.95,NA,3.27,0.42,NA,NA,NA,NA
USNM-209023,Scinax hayii,Moen et al. 2016,arboreal,m,36.86,64.22,NA,3.428,0.334,NA,NA,NA,NA
USNM-209025,Scinax hayii,Moen et al. 2016,arboreal,m,41.79,68.33,NA,3.946,0.45,NA,NA,NA,NA
USNM-209028,Scinax hayii,Moen et al. 2016,arboreal,m,40.46,66.62,NA,3.63,0.412,NA,NA,NA,NA
USNM-209032,Scinax hayii,Moen et al. 2016,arboreal,m,40.88,64.9,NA,3.295,0.382,NA,NA,NA,NA
USNM-209046,Scinax hayii,Moen et al. 2016,arboreal,m,42.42,73.08,NA,3.939,0.388,NA,NA,NA,NA
USNM-222198,Scinax ictericus,Moen et al. 2016,arboreal,m,28.66,47.8,NA,1.103,0.146,NA,NA,NA,NA
USNM-222201,Scinax ictericus,Moen et al. 2016,arboreal,m,29.67,48.8,NA,1.955,0.15,NA,NA,NA,NA
USNM-247205,Scinax ictericus,Moen et al. 2016,arboreal,m,25.62,41.48,NA,0.719,0.092,NA,NA,NA,NA
USNM-247242,Scinax ictericus,Moen et al. 2016,arboreal,m,33.07,52.37,NA,1.643,0.182,NA,NA,NA,NA
USNM-247243,Scinax ictericus,Moen et al. 2016,arboreal,m,31.93,51.15,NA,1.518,0.2,NA,NA,NA,NA
DSM-0068,Scinax ruber,Moen et al. 2013,arboreal,m,30.43,50.92,1.77,1.451,0.168,3.02429,89.295474,0.993285,19.739163
DSM-0069,Scinax ruber,Moen et al. 2013,arboreal,m,29.31,47.42,1.58,1.439,0.174,2.616096,99.461092,1.43678,45.308762
DSM-0070,Scinax ruber,Moen et al. 2013,arboreal,m,29.86,49.9,1.78,1.42,0.15,2.878497,86.629333,1.350379,39.528397
DSM-0073,Scinax ruber,Moen et al. 2013,arboreal,m,32.17,48,1.926666667,1.775,0.22,2.734606,104.962058,1.067336,24.748168
DSM-0075,Scinax ruber,Moen et al. 2013,arboreal,m,29.94,49.72,1.96,1.623,0.17,2.413474,89.563142,1.013025,27.568656
DSM-0076,Scinax ruber,Moen et al. 2013,arboreal,f,33.01,54.7,2.576666667,2.388,0.236,2.679649,86.999237,0.864403,27.039313
CAS-176985,Sclerophrys kisoloensis,Moen et al. 2016,terrestrial,m,74.67,111.36,NA,43.142,4.146,NA,NA,NA,NA
CAS-176994,Sclerophrys kisoloensis,Moen et al. 2016,terrestrial,m,67.16,105.23,NA,34.679,3.266,NA,NA,NA,NA
CAS-176995,Sclerophrys kisoloensis,Moen et al. 2016,terrestrial,m,66.66,105.52,NA,38.943,3.57,NA,NA,NA,NA
CAS-176996,Sclerophrys kisoloensis,Moen et al. 2016,terrestrial,m,63.44,88.77,NA,31.778,2.932,NA,NA,NA,NA
CAS-176999,Sclerophrys kisoloensis,Moen et al. 2016,terrestrial,m,67.52,100.78,NA,36.263,3.374,NA,NA,NA,NA
DSM-0047,Sphaenorhynchus lacteus,Moen et al. 2013,arboreal,f,38.86,64.17,5.175,4.788,0.592,2.472752,61.040762,1.203139,29.617988
USNM-247280,Sphaenorhynchus lacteus,Moen et al. 2016,arboreal,m,37.41,60.27,NA,3.987,0.456,NA,NA,NA,NA
USNM-247281,Sphaenorhynchus lacteus,Moen et al. 2016,arboreal,m,37.77,60.49,NA,3.628,0.396,NA,NA,NA,NA
USNM-268928,Sphaenorhynchus lacteus,Moen et al. 2016,arboreal,m,36.4,62.31,NA,3.416,0.316,NA,NA,NA,NA
USNM-268929,Sphaenorhynchus lacteus,Moen et al. 2016,arboreal,m,33.25,56.22,NA,3.492,0.402,NA,NA,NA,NA
USNM-268931,Sphaenorhynchus lacteus,Moen et al. 2016,arboreal,m,36.13,61.88,NA,3.322,0.35,NA,NA,NA,NA
FMNH-136034,Staurois guttatus,Moen et al. 2016,torrential,m,35.76,66.49,NA,2.577,0.454,NA,NA,NA,NA
FMNH-136038,Staurois guttatus,Moen et al. 2016,torrential,m,34.02,66.31,NA,2.686,0.44,NA,NA,NA,NA
FMNH-136045,Staurois guttatus,Moen et al. 2016,torrential,m,34.39,69.22,NA,2.461,0.386,NA,NA,NA,NA
FMNH-136053,Staurois guttatus,Moen et al. 2016,torrential,m,32.96,65.81,NA,2.324,0.446,NA,NA,NA,NA
FMNH-136075,Staurois guttatus,Moen et al. 2016,torrential,m,35.93,69.86,NA,2.614,0.47,NA,NA,NA,NA
USNM-209326,Thoropa taophora,Moen et al. 2016,arboreal,m,56.33,107.81,NA,15.573,1.896,NA,NA,NA,NA
USNM-209334,Thoropa taophora,Moen et al. 2016,arboreal,m,59.98,110.09,NA,15.146,2.116,NA,NA,NA,NA
USNM-209338,Thoropa taophora,Moen et al. 2016,arboreal,m,55.15,105.64,NA,12.064,1.496,NA,NA,NA,NA
USNM-209341,Thoropa taophora,Moen et al. 2016,arboreal,m,65.48,122.11,NA,18.838,2.272,NA,NA,NA,NA
USNM-209349,Thoropa taophora,Moen et al. 2016,arboreal,m,52.61,101.16,NA,14.778,1.586,NA,NA,NA,NA
CAS-165505,Tomopterna cryptotis,Moen et al. 2016,burrowing,m,40,59.45,NA,4.62,0.412,NA,NA,NA,NA
CAS-165508,Tomopterna cryptotis,Moen et al. 2016,burrowing,m,36.94,51.53,NA,4.25,0.31,NA,NA,NA,NA
CAS-165509,Tomopterna cryptotis,Moen et al. 2016,burrowing,m,39.66,56.93,NA,3.949,0.288,NA,NA,NA,NA
CAS-175447,Tomopterna cryptotis,Moen et al. 2016,burrowing,m,37.19,59.39,NA,5.593,0.614,NA,NA,NA,NA
CAS-175449,Tomopterna cryptotis,Moen et al. 2016,burrowing,m,42.49,65.41,NA,8.205,0.862,NA,NA,NA,NA
USNM-247254,Trachycephalus venulosus,Moen et al. 2016,arboreal,m,72.62,112.42,NA,16.762,1.486,NA,NA,NA,NA
USNM-247255,Trachycephalus venulosus,Moen et al. 2016,arboreal,m,64.54,105.9,NA,18.693,1.518,NA,NA,NA,NA
USNM-247616,Trachycephalus venulosus,Moen et al. 2016,arboreal,m,63.17,104.32,NA,16.206,1.5,NA,NA,NA,NA
USNM-343219,Trachycephalus venulosus,Moen et al. 2016,arboreal,m,69.11,110.65,NA,19.955,1.928,NA,NA,NA,NA
FMNH-218086,Uperodon triangularis,Moen et al. 2016,arboreal,m,25.5,37.6,NA,0.902,0.0984,NA,NA,NA,NA
FMNH-218087,Uperodon triangularis,Moen et al. 2016,arboreal,f,30.28,43.01,NA,1.415,0.1202,NA,NA,NA,NA
DSM-0257,Uperoleia lithomoda,Moen et al. 2013,burrowing,f,23.63,30.05,1.67,1.167,0.098,1.109344,49.700828,0.335635,18.010585
DSM-0258,Uperoleia lithomoda,Moen et al. 2013,burrowing,m,23.68,29.82,1.8,0.877,0.076,1.304199,53.238138,0.347549,9.311259
DSM-0259,Uperoleia lithomoda,Moen et al. 2013,burrowing,f,24.33,30.68,1.443333333,0.934,0.088,1.20966,47.158631,0.338068,12.29014
USNM-208717,Vitreorana eurygnatha,Moen et al. 2016,arboreal,m,20.86,37.74,NA,0.524,0.036,NA,NA,NA,NA
USNM-208720,Vitreorana eurygnatha,Moen et al. 2016,arboreal,m,20.14,37.49,NA,0.495,0.04,NA,NA,NA,NA
USNM-208724,Vitreorana eurygnatha,Moen et al. 2016,arboreal,m,18.6,37.64,NA,0.463,0.034,NA,NA,NA,NA
USNM-208725,Vitreorana eurygnatha,Moen et al. 2016,arboreal,m,18.55,35.46,NA,0.388,0.032,NA,NA,NA,NA
USNM-208726,Vitreorana eurygnatha,Moen et al. 2016,arboreal,m,19.4,38.14,NA,0.445,0.03,NA,NA,NA,NA
CAS-201673,Xenopus wittei,Moen et al. 2016,aquatic,m,39.67,49.01,NA,5.825,1.032,NA,NA,NA,NA
CAS-201674,Xenopus wittei,Moen et al. 2016,aquatic,m,39.97,55.34,NA,5.594,0.852,NA,NA,NA,NA
CAS-201675,Xenopus wittei,Moen et al. 2016,aquatic,m,37.43,50.69,NA,4.405,0.694,NA,NA,NA,NA
CAS-201676,Xenopus wittei,Moen et al. 2016,aquatic,m,39.35,53.2,NA,5.358,0.782,NA,NA,NA,NA
CAS-201679,Xenopus wittei,Moen et al. 2016,aquatic,m,40.62,55.63,NA,6.208,0.942,NA,NA,NA,NA